-- phpMyAdmin SQL Dump
-- version 5.2.0
-- https://www.phpmyadmin.net/
--
-- Host: 127.0.0.1:3307
-- Generation Time: May 13, 2025 at 03:53 AM
-- Server version: 10.4.27-MariaDB
-- PHP Version: 8.1.12

SET SQL_MODE = "NO_AUTO_VALUE_ON_ZERO";
START TRANSACTION;
SET time_zone = "+00:00";


/*!40101 SET @OLD_CHARACTER_SET_CLIENT=@@CHARACTER_SET_CLIENT */;
/*!40101 SET @OLD_CHARACTER_SET_RESULTS=@@CHARACTER_SET_RESULTS */;
/*!40101 SET @OLD_COLLATION_CONNECTION=@@COLLATION_CONNECTION */;
/*!40101 SET NAMES utf8mb4 */;

--
-- Database: `sc_short_courses`
--

-- --------------------------------------------------------

--
-- Table structure for table `branch`
--

CREATE TABLE `branch` (
  `branch_id` int(11) NOT NULL,
  `faculty_id` int(11) NOT NULL,
  `code` smallint(4) NOT NULL,
  `name_tha` varchar(180) NOT NULL,
  `name_eng` varchar(180) NOT NULL
) ENGINE=InnoDB DEFAULT CHARSET=utf8mb4 COLLATE=utf8mb4_general_ci;

--
-- Dumping data for table `branch`
--

INSERT INTO `branch` (`branch_id`, `faculty_id`, `code`, `name_tha`, `name_eng`) VALUES
(1, 1, 2412, 'สาขาวิชาจุลชีววิทยา', 'Program of Microbiology'),
(2, 1, 2413, 'สาขาวิชาเทคโนโลยีการผลิตพืช', 'Program of Crop Production Technology'),
(3, 1, 2414, 'สาขาวิชาสาธารณสุขศาสตร์', 'Program of Public Health'),
(4, 1, 2415, 'สาขาวิชาวิทยาการคอมพิวเตอร์', 'Program of Computer Science'),
(5, 1, 2416, 'สาขาวิชาเคมีเวชสำอาง', 'Program of Cosmeceutical Chemistry'),
(6, 1, 2417, 'สาขาวิชาเทคโนโลยีสารสนเทศ', 'Program of Information Technology'),
(7, 1, 2418, 'สาขาวิชาเทคโนโลยีมัลติมีเดีย', 'Program of Multimedia Technology'),
(8, 1, 2420, 'สาขาวิชาเทคโนโลยีคอมพิวเตอร์', 'Program of Computer Technology'),
(9, 1, 2423, 'สาขาวิชาวิศวกรรมโยธา', 'Civil Engineering'),
(10, 1, 2425, 'สาขาวิชาการจัดการอาหาร', 'Program of Food Management'),
(11, 1, 2455, 'สาขาวิชาอาชีวอนามัยและความปลอดภัย', 'Program of Occupational Health and Safety'),
(12, 1, 2456, 'สาขาวิชาวิศวกรรมไฟฟ้า', 'Department of Electrical Engineering'),
(13, 1, 2457, 'สาขาวิชาวิทยาการข้อมูล', 'Program of Data Science'),
(14, 1, 2458, 'สาขาวิชาวิศวกรรมซอฟต์แวร์', 'Program of Software Engineering'),
(15, 1, 2463, 'สาขาวิชาเทคโนโลยีการอาหารและนวัตกรรม', 'Program of Food Science and Technology'),
(16, 1, 2465, 'สาขาวิชานวัตกรรมการเกษตรและการจัดการ', 'Program of Agricultural Innovation and Management'),
(17, 1, 2467, 'สาขาวิชานวัตกรรมการควบคุมอัจฉริยะ (เทคโนโลยีคอมพิวเตอร์อุตสาหกรรม)', 'Program of Industrial Computer Technology'),
(18, 1, 2468, 'สาขาวิชาเทคโนโลยีแก้วและเซรามิก', 'Program of Glass and Ceramic Technology'),
(19, 1, 2505, 'สาขาวิชาคณิตศาสตร์', 'Program of Mathematics'),
(20, 1, 2506, 'สาขาวิชาวิทยาศาสตร์ทั่วไป', 'Program of Science'),
(21, 1, 2507, 'สาขาวิชาคอมพิวเตอร์ศึกษา', 'Program of Computer Education'),
(22, 1, 2508, 'สาขาวิชาฟิสิกส์', 'Program of Physics'),
(23, 1, 2509, 'สาขาวิชาเคมี', 'Program of Chemistry'),
(24, 1, 2510, 'สาขาวิชาชีววิทยา', 'Program of Biology'),
(25, 1, 2554, 'สาขาวิชาอุตสาหกรรมศิลป์', 'Program of Industrial Arts');

-- --------------------------------------------------------

--
-- Table structure for table `courses`
--

CREATE TABLE `courses` (
  `course_id` int(11) NOT NULL,
  `course_category_id` int(11) NOT NULL,
  `branch_id` int(11) NOT NULL,
  `title` varchar(250) NOT NULL,
  `image` varchar(100) NOT NULL,
  `is_onsite` varchar(5) NOT NULL DEFAULT 'TRUE',
  `online_url` text NOT NULL,
  `online_requirement` text NOT NULL,
  `location` text NOT NULL,
  `objective` text NOT NULL,
  `target` text NOT NULL,
  `content` text NOT NULL,
  `evaluation` text NOT NULL,
  `expected_results` text NOT NULL,
  `schedule` varchar(100) NOT NULL,
  `contact` text NOT NULL,
  `regis_fee` int(11) NOT NULL,
  `class_hours` tinyint(2) NOT NULL,
  `display` varchar(8) NOT NULL DEFAULT 'PRIVATE',
  `views_count` int(11) NOT NULL,
  `created` datetime NOT NULL,
  `creator` int(11) NOT NULL,
  `modified` datetime NOT NULL DEFAULT current_timestamp()
) ENGINE=InnoDB DEFAULT CHARSET=utf8mb4 COLLATE=utf8mb4_general_ci;

--
-- Dumping data for table `courses`
--

INSERT INTO `courses` (`course_id`, `course_category_id`, `branch_id`, `title`, `image`, `is_onsite`, `online_url`, `online_requirement`, `location`, `objective`, `target`, `content`, `evaluation`, `expected_results`, `schedule`, `contact`, `regis_fee`, `class_hours`, `display`, `views_count`, `created`, `creator`, `modified`) VALUES
(1, 1, 20, 'การอบรมเชิงปฏิบัติการ การพัฒนา TPACK สำหรับครูวิทยาศาสตร์', './assets/courses/images/1677054429_06f34a58f7fd485a866c.png', 'TRUE', '', '', 'ห้อง SC211 อาคารศูนย์วิทยาศาสตร์และวิทยาศาสตร์ประยุกต์', '<ul><li>เพื่อพัฒนา TPACK สำหรับครูวิทยาศาสตร์\r\n</li><li>เพื่อส่งเสริมการจัดการเรียนรู้โดยใช้แอพพลิเคชั่นให้กับครูวิทยาศาสตร์</li></ul>', '<p>ครูวิทยาศาสตร์ตามตามบันทึกข้อตกลงความร่วมมือทางวิชาการ จำนวน 30 คน/รุ่น<br>เป็นการส่งเสริมการจัดการเรียนรู้โดยใช้แอพพลิเคชั่นให้กับครูวิทยาศาสตร์</p>', '<ul><li>ความรู้เกี่ยวกับ TPACK สำหรับครูวิทยาศาสตร์\r\n</li><li>การใช้ TPACK ในการสร้างความรู้ด้วยตนเองของนักเรียน\r\n</li><li>การประเมิน TPACK ของครูวิทยาศาสตร์\r\n</li><li>การใช้แอพพลิเคชั่นในการจัดการเรียนรู้วิทยาศาสตร์์</li></ul>', '<p>สิ่งที่ต้องประเมิน</p><ul><li><span style=\"color: var(--bs-body-color); font-family: var(--bs-body-font-family); font-size: var(--bs-body-font-size); font-weight: var(--bs-body-font-weight); text-align: var(--bs-body-text-align);\">คะแนนการประเมินตนเองและประเมินแผนการจัดการเรียนรู้อยู่ในระดับค่อนข้างเชื่อมั่นขึ้นไป และมีคะแนนประเมินแผนอยู่ในระดับมาก</span></li></ul><p>วิธีการประเมิน\r\n</p><ul><li>แบบประเมินตนเอง\r\n</li><li>แบบประเมินแผนการจัดการเรียนรู้</li></ul>', '<ul><li>ครูมีความสามารถด้าน TPACK ในการจัดการเรียนรู้วิทยาศาสตร์เพิ่มมากขึ้น\r\n</li><li>ครูวิทยาศาสตร์สามารถออกแบบแผนการจัดการเรียนรู้ในการบูรณาการ TPACK ได้</li></ul>', './assets/courses/pdf/1677054429_28248ad241a1b9107af0.pdf', '<p>034 261 065</p>', 1000, 15, 'PUBLIC', 29, '2023-02-22 08:27:09', 1, '2023-02-22 15:27:09'),
(2, 1, 20, 'การอบรมเชิงปฏิบัติการการจัดการเรียนรู้วิทยาศาสตร์ตามแนวคิด Constructivism', './assets/courses/images/1677054617_d960c4f2c2011e917488.png', 'TRUE', '', '', 'ห้อง SC211 อาคารศูนย์วิทยาศาสตร์และวิทยาศาสตร์ประยุกต์์', '<ul><li>เพื่อพัฒนาการจัดการเรียนรู้วิทยาศาสตร์ตามแนวคิด Constructivism ของครูวิทยาศาสตร์</li></ul>', '<p>ครูวิทยาศาสตร์ตามตามบันทึกข้อตกลงความร่วมมือทางวิชาการ จำนวน 30 คน/รุ่น เป็นการส่งเสริมการพัฒนาการจัดการเรียนรู้วิทยาศาสตร์ตามแนวคิด Constructivism ของครูวิทยาศาสตร์</p>', '<ul><li>ความรู้เกี่ยวกับ แนวคิด Constructivism สำหรับครูวิทยาศาสตร์\r\n</li><li>การออกแบบแผนการจัดการเรียนรู้ตามแนวคิด Constructivism\r\n</li><li>การวัดและประเมินผลตามแนวคิด Constructivism</li></ul>', '<p>สิ่งที่ต้องประเมิน\r\n</p><ul><li>ครูมีความพึงพอใจ\r\n</li></ul><p>วิธีการประเมิน\r\n</p><ul><li>แบบประเมินความพึงพอใจ</li></ul>', '<ul><li>ครูมีความสามารถในการจัดการเรียนรู้วิทยาศาสตร์ได้ดีขึ้น\r\n</li><li>นักเรียนได้รับการพัฒนาให้มีผลการเรียนรู้ทางวิทยาศาสตร์เพิ่มขึ้น</li></ul>', './assets/courses/pdf/1677054617_b30f137e7936a6e2ce21.pdf', '<p>...</p>', 1000, 15, 'PUBLIC', 0, '2023-02-22 08:30:17', 1, '2023-02-22 15:30:17'),
(3, 1, 5, 'เวชสำอางสมุนไพร (Online)', './assets/courses/images/1677055364_1e01449ff42276878900.png', 'FALSE', '', '', 'Online', '<ul><li>เพื่อถ่ายทอดความรู้และความเข้าใจเกี่ยวกับสมุนไพรและสารพฤกษเคมี สามาถนำไปประยุกต์ใช้์\r\n</li><li>เพื่อเสริมสร้างความรู้เกี่ยวกับการทำเครื่องสำอางเบื้องต้น และได้แนวคิดในการพัฒนาต่อยอดเครื่องสำอางสมุนไพร</li></ul>', '<p>เป้าหมายเชิงปริมาณ\r\n</p><ul><li>ประชาชนที่สนใจ จำนวน 50 คน ต่อรุ่น\r\n</li></ul><p>เป้าหมายเชิงคุณภาพ\r\n</p><ul><li>เป็นการพัฒนาความรู้และความเข้าใจเกี่ยวกับสมุนไพรและสารพฤกษเคมี สามาถนำไปประยุกต์ใช้ และความรู้เกี่ยวกับการทำเครื่องสำอางเบื้องต้น และได้แนวคิดในการพัฒนาต่อยอดเครื่องสำอางสมุนไพร</li></ul>', '<ul><li>สมุนไพรและรูปแบบการนำมาใช้ในการผลิตเวชสำอาง\r\n</li><li>การสกัดสารสำคัญจากสมุนไพรด้วยวิธีต่างๆ\r\n</li><li>ธุรกิจเครื่องสำอางสมุนไพร\r\n</li><li>การตรวจสอบคุณภาพผลิตภัณฑ์เครื่องสำอาง</li></ul>', '<p>สิ่งที่ต้องประเมิน\r\n</p><ul><li>ความพึงพอใจ\r\n</li></ul><p>วิธีการประเมิน\r\n</p><ul><li>แบบประเมินความพึงพอใจ</li></ul>', '<ul><li>ผู้เข้าอบรมมีความรู้และความเข้าใจเกี่ยวกับสมุนไพรและสารพฤกษเคมี สามาถนำไปประยุกต์ใช้ได้\r\n</li><li>ผู้เข้าอบรมมีความรู้เกี่ยวกับการทำเครื่องสำอางเบื้องต้น และได้แนวคิดในการพัฒนาต่อยอดเครื่องสำอางสมุนไพร</li></ul>', './assets/courses/pdf/1677055364_69f470dbda65bf949f2b.pdf', '<p>...</p>', 500, 8, 'PUBLIC', 0, '2023-02-22 08:42:44', 1, '2023-02-22 15:42:44'),
(4, 1, 21, 'การอบรมเชิงปฏิบัติการโปรแกรมสำเร็จรูปสำหรับการวิจัยและวัดผลการศึกษา', './assets/courses/images/1677055729_0caaa1172346b0b23997.png', 'TRUE', '', '', 'คณะวิทยาศาสตร์และเทคโนโลยี', '<p>เพื่อศึกษาความรู้พื้นฐานเกี่ยวกับการใช้คอมพิวเตอร์ ประเภทและลักษณะของโปรแกรมสำเร็จรูปกระบวนการทำงานของโปรแกรมสำเร็จรูปเพื่อการวิจัยและวัดผลการศึกษา การสร้างแฟ้มข้อมูล (Data File) และแฟ้มคำสั่ง ฝึกปฏิบัติการวิเคราะห์ข้อมูลลักษณะต่างๆ โดยใช้โปรแกรม SPSS for window ได้แก่ สถิติพื้นฐาน การทดสอบ t-test และ ANOVA</p>', '<p>เป้าหมายเชิงปริมาณ\r\n</p><ul><li>บุคคลทั่วไปที่สนใจ จำนวน 30 คน ต่อรุ่น\r\n</li></ul><p>เป้าหมายเชิงคุณภาพ\r\n</p><ul><li>เป็นการพัฒนาความรู้พื้นฐานเกี่ยวกับการใช้คอมพิวเตอร์ ประเภทและลักษณะของโปรแกรมสำเร็จรูปกระบวนการทำงานของโปรแกรมสำเร็จรูปเพื่อการวิจัยและวัดผลการศึกษา การสร้างแฟ้มข้อมูล (Data File) และแฟ้มคำสั่ง ฝึกปฏิบัติการวิเคราะห์ข้อมูลลักษณะต่างๆ โดยใช้โปรแกรม SPSS for window ได้แก่ สถิติพื้นฐาน การทดสอบ t-test และ ANOVA</li></ul>', '<ul><li>ลักษณะและการทำงานของโปรแกรม SPSS for window\r\n</li><li>การสร้างแฟ้มข้อมูล (Data File) และแฟ้มคำสั่ง\r\n</li><li>การวิเคราะห์สถิติเชิงบรรยาย\r\n</li><li>การเปรียบเทียบค่าเฉลี่ยของตัวอย่าง 2 กลุ่ม โดยใช้สถิติทดสอบที (t-test)\r\n</li><li>การวิเคราะห์ความแปรปรวน (ANOVA)</li></ul>', '<p>สิ่งที่ต้องประเมิน\r\n</p><ul><li>ความพึงพอใจ\r\n</li></ul><p>วิธีการประเมิน\r\n</p><ul><li>แบบประเมินความพึงพอใจ</li></ul>', '<ul><li>ผู้เข้าอบรมมีความรู้และความเข้าใจเกี่ยวกับโปรแกรมสำเร็จรูปสำหรับการวิจัยและวัดผลการศึกษา</li></ul>', './assets/courses/pdf/1677055729_1c56dc438bad41da6ced.pdf', '<p>...</p>', 3000, 16, 'PUBLIC', 2, '2023-02-22 08:48:49', 1, '2023-02-22 15:48:49'),
(5, 1, 19, 'การอบรมเชิงปฏิบัติการการใช้โปรแกรม GeoGebra เบื้องต้น', './assets/courses/images/1677055996_2a10560488d0a23b7fb2.png', 'TRUE', '', '', 'ห้อง 118 อาคาร A1', '<ul><li>เพื่อให้ครูคณิตศาสตร์สามารถใช้งานโปรแกรม GeoGebra เบื้องต้นได้้์\r\n</li><li>เพื่อบูรณาการกับการเรียนการสอนโดยใช้โปรแกรม GeoGebra เป็นสื่อการเรียนการสอน</li></ul>', '<p>เป้าหมายเชิงปริมาณ\r\n</p><ul><li>ครูคณิตศาสตร์ (ระดับมัธยมศึกษา) ตามบันทึกข้อตกลงความร่วมมือทางวิชาการ จำนวน 30 คน ต่อรุ่น\r\n</li></ul><p>เป้าหมายเชิงคุณภาพ\r\n</p><ul><li>เป็นการส่งเสริมให้ครูมีความรู้ความเข้าใจในการใช้งานโปรแกรม GeoGebra เบื้องต้น และสามารถสร้างสื่อการเรียนการสอนทางคณิตศาสตร์ด้วยโปรแกรม GeoGebra ได้</li></ul>', '<ul><li>ความรู้เกี่ยวกับการใช้งานโปรแกรม GeoGebra สำหรับครูคณิตศาสตร์\r\n</li><li>การสร้างสื่อการสอนทางคณิตศาสตร์ด้วยโปรแกรม GeoGebra</li></ul>', '<p>สิ่งที่ต้องประเมิน\r\n</p><ul><li>ความพึงพอใจ\r\n</li></ul><p>วิธีการประเมิน\r\n</p><ul><li>แบบประเมินความพึงพอใจ</li></ul>', '<ul><li>ครูมีความรู้ความเข้าใจในการใช้งานโปรแกรม GeoGebra เบื้องต้น และสามารถสร้างสื่อการเรียนการสอนทางคณิตศาสตร์ด้วยโปรแกรม GeoGebra ได้</li></ul>', './assets/courses/pdf/1677055996_b541738c153ba67a534e.pdf', '<p>...</p>', 1300, 16, 'PUBLIC', 3, '2023-02-22 08:53:16', 1, '2023-02-22 15:53:16'),
(6, 1, 22, 'การอบรมเชิงปฏิบัติการการจัดทำการทดลองทางฟิสิกส์ตามหนังสือเรียน สสวท. สำหรับครูฟิสิกส์', './assets/courses/images/1677056913_8e1b8c1afba52d0f7a5f.png', 'TRUE', '', '', 'ห้อง SC211 อาคารศูนย์วิทยาศาสตร์และวิทยาศาสตร์ประยุกต์', '<ul><li>เพื่อส่งเสริมให้ครูผู้สอนฟิสิกส์ มีความรู้ ความเข้าใจ และมีประสบการณ์ในการจัดทำการทดลองทางฟิสิกส์ตามหนังสือเรียน สสวท</li></ul>', '<p>เป้าหมายเชิงปริมาณ\r\n</p><ul><li>ครูผู้สอนรายวิชาฟิสิกส์ในระดับมัธยมปลาย จำนวน 30 คน/รุ่น\r\n</li></ul><p>เป้าหมายเชิงคุณภาพ\r\n</p><ul><li>เป็นการส่งเสริมให้ครูผู้สอนฟิสิกส์ มีความรู้ ความเข้าใจ และมีประสบการณ์ในการจัดทำการทดลองทางฟิสิกส์ตามหนังสือเรียน สสวท.</li></ul>', '<ul><li>การทดลองทางฟิสิกส์ตามหนังสือเรียน สสวท. ในระดับชั้นมัธยมศึกษาตอนปลาย</li></ul>', '<p>สิ่งที่ต้องประเมิน\r\n</p><ul><li>คะแนนการประเมินตนเองในการจัดทำการทดลองทางฟิสิกส์ตามหนังสือเรียน สสวท. และมีคะแนนประเมินอยู่ในระดับมาก\r\n</li></ul><p>วิธีการประเมิน\r\n</p><ul><li>แบบประเมินตนเอง</li></ul>', '<ul><li>ครูผู้สอนฟิสิกส์ที่เข้ารับการอบรม มีความรู้ ความเข้าใจ และได้รับประสบการณ์ในการจัดทำการทดลองทางฟิสิกส์ตามหนังสือเรียน สสวท.\r\n</li><li>ครูผู้สอนฟิสิกส์สามารถนำความรู้ที่ได้รับจากการอบรมไปใช้ในการจัดการเรียนการสอนในระดับมัธยมศึกษาตอนปลายได้</li></ul>', './assets/courses/pdf/1677056913_2d7ab4eada300fc73537.pdf', '<p>...</p>', 1000, 15, 'PUBLIC', 0, '2023-02-22 09:08:33', 1, '2023-02-22 16:08:33'),
(7, 2, 18, 'การอบรมเชิงปฏิบัติการการผลิตแก้วสีเพื่อพัฒนาเป็นอัญมณีสังเคราะห์', './assets/courses/images/1677057379_f43f6cf100e9790dedfa.png', 'TRUE', '', '', 'ห้อง SC211 อาคารศูนย์วิทยาศาสตร์และวิทยาศาสตร์ประยุกต์', '<ul><li>เพื่อฝึกทักษะการเตรียมแก้วสีเพื่อพัฒนาเป็นอัญมณีสังเคราะห์</li></ul>', '<p>เป้าหมายเชิงปริมาณ\r\n</p><ul><li>กลุ่มบุคคลที่มีความสนใจด้านการฝึกอาชีพ จำนวน 20 คน/รุ่น\r\n</li></ul><p>เป้าหมายเชิงคุณภาพ\r\n</p><ul><li>เป็นการส่งเสริมการฝึกทักษะการเตรียมแก้วสีเพื่อพัฒนาเป็นอัญมณีสังเคราะห์</li></ul>', '<ul><li>หลักการออกแบบสูตรแก้ว\r\n</li><li>การคำนวณวัตถุดิบ\r\n</li><li>การฝึกเตรียมแก้วสี</li></ul>', '<p>สิ่งที่ต้องประเมิน\r\n</p><ul><li>ทักษะในการเตรียมแก้วสีได้ถูกต้องตามหลักวิชาการ\r\n</li><li>การออกแบบสูตรแก้ว\r\n</li></ul><p>วิธีการประเมิน\r\n</p><ul><li>สังเกตพฤติกรรม\r\n</li><li>ผลงานของผู้ที่เข้าอบรม</li></ul>', '<ul><li>ผู้เข้าร่วมอบรมมีความรู้ ความเข้าใจ ในการออกแบบสูตรแก้วสีได้ด้วยตนเอง\r\n</li><li>ผู้เข้าร่วมอบรมมีทักษะในการเตรียมแก้วสีได้ถูกต้องตามหลักวิชาการ</li></ul>', './assets/courses/pdf/1677057379_944e59096f15c61960ef.pdf', '<p>...</p>', 2000, 15, 'PUBLIC', 0, '2023-02-22 09:16:19', 1, '2023-02-22 16:16:19'),
(8, 3, 15, 'หลักเกณฑ์และวิธีปฏิบัติที่ดีในการผลิตอาหารและความปลอดภัยอาหาร', './assets/courses/images/1677058507_3b82e3d02dbe92d8fc4f.png', 'TRUE', '', '', 'ห้องปฏิบัติการอาหาร', '<ul><li>เพื่อให้ผู้ประกอบการอาหารหรือผู้ผลิตอาหารสามารถนำความรู้ของระบบ GMP และ GHP ไปใช้เป็นหลักเกณฑ์และวิธีการที่ดีในการผลิตอาหารเพื่อสร้างความปลอดภัยให้กับผู้บริโภค\r\n</li><li>เพื่อให้ผู้ประกอบการอาหารหรือผู้ผลิตอาหารสามารถนำความรู้เกี่ยวกับสารก่อภูมิแพ้ในอาหาร (Food allergen) และวัตถุเจือปนอาหาร (Food additive) ไปปรับใช้ในกระบวนการผลิตอาหารได้อย่างปลอดภัยต่อผู้บริโภค</li></ul>', '<p>เป้าหมายเชิงปริมาณ\r\n</p><ul><li>ผู้ประกอบการอาหารหรือผู้ผลิตอาหารและบุคคลทั่วไปที่สนใจ จำนวน 20 คน/รุ่น\r\n</li></ul><p>เป้าหมายเชิงคุณภาพ\r\n</p><ul><li>เป็นการสร้างเสริมให้ผู้ประกอบการอาหารหรือผู้ผลิตอาหารสามารถนำความรู้ของระบบ GMP และGHP ไปใช้เป็นหลักเกณฑ์และวิธีการที่ดีในการผลิตอาหารเพื่อสร้างความปลอดภัยให้กับผู้บริโภค และนำความรู้เกี่ยวกับสารก่อภูมิแพ้ในอาหาร (Food allergen) และวัตถุเจือปนอาหาร (Food additive) ไปปรับใช้ในกระบวนการผลิตอาหารได้อย่างปลอดภัยต่อผู้บริโภค</li></ul>', '<ul><li>ความรู้เกี่ยวกับข้อกำหนดของ GMP/GHP ตามมาตรฐาน CODEX\r\n</li><li>ความรู้เกี่ยวกับชนิดของอาหารที่ก่อภูมิแพ้ ข้อความที่ต้องติดฉลาก food allergen และการประเมินความเสี่ยงด้าน food allergen ในวัตถุดิบ\r\n</li><li>ความรู้เกี่ยวกับการแบ่งกลุ่มวัตถุเจือปนอาหาร กฎระเบียบที่เกี่ยวข้องกับวัตถุเจือปนอาหาร เงื่อนไขการใช้และอันตรายจากการใช้วัตถุเจือปนในอาหารไม่ถูกต้อง และประโยชน์ในการใช้วัตถุเจือปนอาหาร</li></ul>', '<p>สิ่งที่ต้องประเมิน\r\n</p><ul><li>ผู้ประกอบการอาหารหรือผู้ผลิตอาหารสอบผ่านเกณฑ์ไม่น้อยกว่าร้อยละ 70\r\n</li></ul><p>วิธีการประเมิน\r\n</p><ul><li>แบบประเมินตนเอง</li></ul>', '<ul><li>ผู้ประกอบการอาหารหรือผู้ผลิตอาหารสามารถนำความรู้ของระบบ GMP และ GHP ไปใช้เป็นหลักเกณฑ์และวิธีการที่ดีในการผลิตอาหารเพื่อสร้างความปลอดภัยให้กับผู้บริโภคได้\r\n</li><li>ผู้ประกอบการอาหารหรือผู้ผลิตอาหารสามารถนำความรู้เกี่ยวกับสารก่อภูมิแพ้ในอาหาร (Food allergen) และวัตถุเจือปนอาหาร (Food additive) ไปปรับใช้ในกระบวนการผลิตอาหารได้อย่างปลอดภัยต่อผู้บริโภคได้</li></ul>', './assets/courses/pdf/1677058507_4ca823cdae0f57ff11a1.pdf', '<p>...</p>', 1600, 15, 'PUBLIC', 1, '2023-02-22 09:35:07', 1, '2023-02-22 16:35:07'),
(9, 1, 3, 'การอบรมเชิงปฏิบัติการการส่งเสริมสุขภาพในชุมชน สำหรับนักส่งเสริมสุขภาพ และประชาชนทั่วไป', './assets/courses/images/1676972715_80651a760210b4c728be.png', 'TRUE', '', '', 'ห้อง 15/8/3 อาคาร 15 ชั้น', '<ul><li>เพื่อส่งเสริมให้นักส่งเสริมสุขภาพ และประชาชนทั่วไปมีความรู้ในเรื่องชุมชน และการส่งเสริมสุขภาพในชุมชน\r\n</li><li>เพื่อส่งเสริมให้นักส่งเสริมสุขภาพ และประชาชนทั่วไปมีทักษะในการประยุกต์ใช้องค์ความรู้ด้านสุขภาพในการส่งเสริมสุขภาพในชุมชน</li></ul>', '<p>เป้าหมายเชิงปริมาณ\r\n</p><ul><li>นักส่งเสริมสุขภาพ และประชาชนทั่วไป 40 คน ต่อรุ่น\r\n</li></ul><p>เป้าหมายเชิงคุณภาพ\r\n</p><ul><li>เป็นการส่งเสริมองค์ความรู้ และทักษะในการส่งเสริมสุขภาพในชุมชน</li></ul>', '<ul><li>แนวคิด ทฤษฎีเกี่ยวกับชุมชน และการส่งเสริมสุขภาพ รวมไปถึงทักษะการประยุกต์ใช้องค์ความรู้ในการส่งเสริมสุขภาพในชุมชน ที่สอดคล้องกับสถานการณ์สุขภาพในสังคมปัจจุบัน</li></ul>', '<p>สิ่งที่ต้องประเมิน\r\n</p><ul><li>คะแนนทดสอบหลังการอบรม\r\n</li></ul><p>วิธีการประเมิน\r\n</p><ul><li>แบบทดสอบหลังการอบรม</li></ul>', '<ul><li>นักส่งเสริมสุขภาพ และประชาชนทั่วไปมีความรู้ และทักษะในการส่งเสริมสุขภาพในชุมชน\r\n</li><li>นักส่งเสริมสุขภาพ และประชาชนทั่วไปนำความรู้และทักษะที่ได้เพื่อการดูแลสุขภาพในชุมชนที่รับผิดชอบต่อไป</li></ul>', './assets/courses/pdf/1676972715_56bf75eb36bdaa09d078.pdf', '<p>...</p>', 1300, 16, 'PUBLIC', 0, '2023-02-22 09:45:15', 1, '2023-02-22 00:00:00'),
(10, 3, 10, 'การอบรมเชิงปฏิบัติการ Food stylist to add value การจัดตกแต่งและออกแบบอาหารเพื่อเพิ่มมูลค่า', './assets/courses/images/1677060137_b3c70adcd5a00e134075.png', 'TRUE', '', '', 'ห้องปฏิบัติการอาหารนานาชาติ สาขาวิชาการจัดการอาหาร คณะวิทยาศาสตร์และเทคโนโลยี', '<ul><li>เพื่อให้ผู้เข้าอบรมมีทักษะด้านการจัดตกแต่งและออกแบบอาหาร มีความรู้ด้านการปรับเปลี่ยนภาพลักษณ์อาหารเพื่อเพิ่มมูลค่า\r\n</li><li>เพื่อเพิ่มความรู้และความเข้าใจในเลือกภาชนะและองค์ประกอบฉากในการถ่ายภาพอาหารเบื้องต้น</li></ul>', '<p>เป้าหมายเชิงปริมาณ\r\n</p><ul><li>บุคคลทั่วไป ผู้ประกอบการธุรกิจอาหารและเครื่องดื่ม และผู้สนใจ จำนวน 15 คน/รุ่น\r\n</li></ul><p>เป้าหมายเชิงคุณภาพ\r\n</p><ul><li>เป็นการสร้างเสริมทักษะด้านการจัดตกแต่งและออกแบบอาหาร มีความรู้ด้านการปรับเปลี่ยนภาพลักษณ์อาหารเพื่อเพิ่มมูลค่า</li></ul>', '<ul><li>ความรู้เกี่ยวกับ Food stylist และ Food Presentation\r\n</li><li>การใช้ศิลปะพื้นฐานและองค์ประกอบศิลป์ในการจัดตกแต่งอาหาร\r\n</li><li>การเลือกภาชนะและการจัดจานอาหารให้เหมาะสมกับธุรกิจอาหารและเครื่องดื่ม\r\n</li><li>เทคนิคการถ่ายภาพอาหาร และมุมมองการถ่ายภาพอาหารเบื้องต้น</li></ul>', '<p>สิ่งที่ต้องประเมิน\r\n</p><ul><li>ความพึงพอใจหลังเข้าร่วมกิจกรรม โดยมีความพึงพอใจมากกว่าร้อยละ 70\r\n</li></ul><p>วิธีการประเมิน\r\n</p><ul><li>แบบประเมินความพึงพอใจ</li></ul>', '<ul><li>ผู้เข้าอบรมมีความรู้และเข้าใจ สามารถจัดตกแต่งและออกแบบอาหารเพื่อเพิ่มมูลค่าได้\r\n</li><li>ผู้เข้าอบรมสามารถจัดอาหารเพื่อการถ่ายภาพได้ มีผลงานจากการจัดอาหารที่เข้าร่วมอบรม</li></ul>', './assets/courses/pdf/1677060137_3c9cfe0955c8231c21d3.pdf', '<p>...</p>', 2900, 15, 'PUBLIC', 1, '2023-02-22 10:02:17', 1, '2023-02-22 17:02:17'),
(11, 7, 15, 'การอบรมเชิงปฏิบัติการการผลิตชีวภัณฑ์และการผลิตปุ๋ยหมักและน้ำหมักชีวภาพเพื่อใช้ประโยชน์ทางการเกษตร', './assets/courses/images/1677060344_13033b1cf120268ef811.png', 'TRUE', '', '', 'ห้องเกษตร 3 สาขาวิชาเทคโนโลยีการผลิตพืช', '<ul><li>เพื่อให้ความรู้และฝึกทักษะในการผลิตชีวภัณฑ์ในการป้องกันและกำจัดศัตรูพืช\r\n</li><li>เพื่อให้ความรู้และฝึกทักษะในการผลิตปุ๋ยหมักและน้าหมักชีวภาพจากเศษวัสดุ</li></ul>', '<p>เป้าหมายเชิงปริมาณ\r\n</p><ul><li>ประชาชนที่สนใจ จำนวน 30 คน ต่อรุ่น\r\n</li></ul><p>เป้าหมายเชิงคุณภาพ\r\n</p><ul><li>เป็นการส่งเสริมการผลิตชีวภัณฑ์ในการป้องกันและกำจัดศัตรูพืช และการปุ๋ยหมักและน้ำหมักชีวภาพจากเศษวัสดุ</li></ul>', '<ul><li>ความรู้เกี่ยวกับชีวภัณฑ์ในการป้องกันและกำจัดศัตรูพืช\r\n</li><li>ขั้นตอนในการผลิตชีวภัณฑ์ในการป้องกันและกำจัดศัตรูพืช\r\n</li><li>ความรู้เกี่ยวกับปุ๋ยหมักและน้ำหมักชีวภาพจากเศษวัสดุ\r\n</li><li>ขั้นตอนในการผลิตปุ๋ยหมักและน้ำหมักชีวภาพจากเศษวัสดุ</li></ul>', '<p>สิ่งที่ต้องประเมิน\r\n</p><ul><li>ความพึงพอใจ\r\n</li></ul><p>วิธีการประเมิน\r\n</p><ul><li>แบบประเมินความพึงพอใจ</li></ul>', '<ul><li>ผู้เข้าอบรมมีความรู้และความสามารถเกี่ยวกับชีวภัณฑ์ในการป้องกันและกำจัดศัตรูพืช\r\n</li><li>ผู้เข้าอบรมมีความรู้และความสามารถเกี่ยวกับปุ๋ยหมักและน้ำหมักชีวภาพจากเศษวัสดุ</li></ul>', './assets/courses/pdf/1677060344_bbae5c2e4221e07f558d.pdf', '<p>...</p>', 2000, 16, 'PUBLIC', 0, '2023-02-22 10:05:44', 1, '2023-02-22 17:05:44'),
(12, 7, 16, 'การอบรมเชิงปฏิบัติการการผลิตปุ๋ยมูลไส้เดือนดินเพื่อกำจัดขยะอินทรีย์และเพื่อการค้า', './assets/courses/images/1677060539_8d5c437678283251efba.png', 'TRUE', '', '', 'ศูนย์การเรียนรู้เศรษฐกิจพอเพียง มหาวิทยาลัยราชภัฏนครปฐม', '<ul><li>เพื่อการถ่ายทอดเทคโนโลยีการเลี้ยงไส้เดือนดินเพื่อการกำจัดขยะอินทรีย์และผลิตปุ๋ยมูลไส้เดือนดิน\r\n</li><li>เพื่อส่งเสริมอาชีพและการใช้ปุ๋ยอินทรีย์เพื่อการผลิตพืชปลอดภัย</li></ul>', '<p>เป้าหมายเชิงปริมาณ\r\n</p><ul><li>ครูกลุ่มการงาน /บุคคลทั่วไปที่สนใจ จำนวน 30 คน ต่อรุ่น\r\n</li></ul><p>เป้าหมายเชิงคุณภาพ\r\n</p><ul><li>เป็นการถ่ายทอดเทคโนโลยีการเลี้ยงไส้เดือนดินเพื่อการกำจัดขยะอินทรีย์และผลิตปุ๋ยมูลไส้เดือนดิน</li></ul>', '<ul><li>ความรู้เกี่ยวกับสายพันธุ์ไส้เดือนดินที่นิยมเลี้ยงในประเทศไทย\r\n</li><li>รูปแบบและการเลี้ยงไส้เดือนดินเพื่อการผลิตปุ๋ยมูลไส้เดือน\r\n</li><li>การแปรรูปผลิตภัณฑ์จากมูลไส้เดือนดิน</li></ul>', '<p>สิ่งที่ต้องประเมิน\r\n</p><ul><li>ผู้เข้าร่วมอบรมสามารถนำความรู้ที่ได้ไปถ่ายทอดหรือนำไปประกอบอาชีพ\r\n</li></ul><p>วิธีการประเมิน\r\n</p><ul><li>แบบประเมินตนเอง</li></ul>', '<ul><li>ผู้เข้าอบรมมีความรู้ ความเข้าใจ และได้รับประสบการณ์ในการเลี้ยงไส้เดือนดิน\r\n</li><li>ผู้เข้าอบรมสามารถนำความรู้ที่ได้รับจากการอบรมไปถ่ายทอดหรือนำไปประกอบอาชีพได้</li></ul>', './assets/courses/pdf/1677060539_d59a501a5e3f836b58e4.pdf', '<p>...</p>', 1990, 16, 'PUBLIC', 20, '2023-02-22 10:08:59', 1, '2023-02-22 17:08:59'),
(13, 2, 18, 'การถักแก้วเพื่อพัฒนาเป็นสินค้าที่ระลึก', './assets/courses/images/1677060840_709a9629e3efabe560d8.png', 'TRUE', '', '', 'ห้อง SC211 อาคารศูนย์วิทยาศาสตร์และวิทยาศาสตร์ประยุกต์', '<ul><li>เพื่อฝึกทักษะการถักแก้วเพื่อพัฒนาเป็นสินค้าที่ระลึก</li></ul>', '<p>เป้าหมายเชิงปริมาณ\r\n</p><ul><li>กลุ่มบุคคลที่มีความสนใจด้านการฝึกอาชีพ จำนวน 20 คน/รุ่น\r\n</li></ul><p>เป้าหมายเชิงคุณภาพ\r\n</p><ul><li>เป็นการส่งเสริมการฝึกทักษะการถักแก้วเพื่อพัฒนาเป็นสินค้าที่ระลึก</li></ul>', '<ul><li>ฝึกทักษะการถักแก้ว\r\n</li><li>การออกแบบผลิตภัณฑ์จากแก้วถัก</li></ul>', '<p>สิ่งที่ต้องประเมิน\r\n</p><ul><li>ทักษะในการถักแก้วขั้นพื้นฐานที่ถูกต้องตามหลักความปลอดภัย\r\n</li></ul><p>วิธีการประเมิน\r\n</p><ul><li>สังเกตพฤติกรรม\r\n</li><li>ผลงานของผู้ที่เข้าอบรม</li></ul>', '<ul><li>ผู้เข้าร่วมอบรมมีทักษะการถักแก้วขั้นพื้นฐานที่ถูกต้องตามหลักความปลอดภัย\r\n</li><li>ผู้เข้าร่วมอบรมสามารถพัฒนาผลิตภัณฑ์แก้วถักได้ด้วยตนเอง</li></ul>', './assets/courses/pdf/1677060840_197a6887f9a6a4831335.pdf', '<p>...</p>', 2000, 15, 'PUBLIC', 0, '2023-02-22 10:14:00', 1, '2023-02-22 17:14:00'),
(14, 7, 18, 'การอบรมเชิงปฏิบัติการการผลิตแก้วจากขี้เถ้าแกลบ', './assets/courses/images/1677061018_4a5f394bbc5f8bebe1a2.png', 'TRUE', '', '', 'ห้อง SC211 อาคารศูนย์วิทยาศาสตร์และวิทยาศาสตร์ประยุกต์', '<ul><li>เพื่อฝึกทักษะการเตรียมแก้วจากขี้เถ้าแกลบ</li></ul>', '<p>เป้าหมายเชิงปริมาณ\r\n</p><ul><li>กลุ่มบุคคลที่มีความสนใจด้านการฝึกอาชีพ จำนวน 20 คน/รุ่น\r\n</li></ul><p>เป้าหมายเชิงคุณภาพ\r\n</p><ul><li>เป็นการส่งเสริมการฝึกทักษะการเตรียมแก้วจากขี้เถ้าแกลบ</li></ul>', '<ul><li>หลักการออกแบบสูตรแก้ว\r\n</li><li>การคำนวณวัตถุดิบ\r\n</li><li>การฝึกเตรียมแก้วจากขี้เถ้าแกลบ</li></ul>', '<p>สิ่งที่ต้องประเมิน\r\n</p><ul><li>ทักษะในการเตรียมแก้วจากขี้เถ้าแกลบได้ถูกต้องตามหลักวิชาการ\r\n</li></ul><p>วิธีการประเมิน\r\n</p><ul><li>สังเกตพฤติกรรม\r\n</li><li>ผลงานของผู้ที่เข้าอบรม</li></ul>', '<ul><li>ผู้เข้าร่วมอบรมมีความรู้ ความเข้าใจ ในการออกแบบสูตรแก้วจากขี้เถ้าแกลบได้ด้วยตนเอง\r\n</li><li>ผู้เข้าร่วมอบรมมีทักษะในการเตรียมแก้วจากขี้เถ้าแกลบได้ถูกต้องตามหลักวิชาการ</li></ul>', './assets/courses/pdf/1677061018_330a38c3a2d2b740a926.pdf', '<p>...</p>', 2000, 15, 'PUBLIC', 15, '2023-02-22 10:16:58', 1, '2023-02-22 17:16:58'),
(15, 1, 20, 'การอบรมเชิงปฏิบัติการการวิเคราะห์วัสดุด้วยเครื่องมือวิทยาศาสตร์', './assets/courses/images/1677061216_2e06492722e1b8527fe6.png', 'TRUE', '', '', 'ห้อง SC211 อาคารศูนย์วิทยาศาสตร์และวิทยาศาสตร์ประยุกต์', '<ul><li>เพื่อฝึกทักษะการวิเคราะห์วัสดุด้วยเครื่องมือวิทยาศาสตร์</li></ul>', '<p>เป้าหมายเชิงปริมาณ\r\n</p><ul><li>กลุ่มบุคคลที่มีความสนใจด้านการฝึกอาชีพ จำนวน 20 คน/รุ่น\r\n</li></ul><p>เป้าหมายเชิงคุณภาพ\r\n</p><ul><li>เป็นการส่งเสริมฝึกทักษะการวิเคราะห์วัสดุด้วยเครื่องมือวิทยาศาสตร์</li></ul>', '<ul><li>การวิเคราะห์ความหนาแน่นโดยเครื่อง Density Hydrometer\r\n</li><li>การวิเคราะห์ค่าดัชนีหักเหแสงโดยเครื่องวัดการหักแสง Abbe Digital Refractometer\r\n</li><li>การวิเคราะห์การดูดกลืนและการส่งผ่านแสงด้วยเครื่อง UV-VIS-NIR Spectrophotometer\r\n</li><li>การวิเคราะห์องค์ประกอบทางเคมีด้วยเครื่องเอ็กซ์เรย์ฟลูออเรสเซ็นต์ (XRF)</li></ul>', '<p>สิ่งที่ต้องประเมิน\r\n</p><ul><li>ทักษะการวิเคราะห์วัสดุด้วยเครื่องมือวิทยาศาสตร์\r\n</li></ul><p>วิธีการประเมิน\r\n</p><ul><li>สังเกตพฤติกรรม\r\n</li><li>ผลการวิเคราะห์ของผู้ที่เข้าอบรม</li></ul>', '<ul><li>ผู้เข้าร่วมอบรมมีความรู้ ความเข้าใจ ในการเลือกใช้เครื่องมือวิทยาศาสตร์ในการวิเคราะห์วัสดุได้ด้วยตนเอง\r\n</li><li>ผู้เข้าร่วมอบรมมีทักษะในการวิเคราะห์วัสดุด้วยเครื่องมือวิทยาศาสตร์ได้ถูกต้องตามหลักวิชาการ</li></ul>', './assets/courses/pdf/1677061216_f8b327822ca48abef8a6.pdf', '<p>...</p>', 2000, 15, 'PUBLIC', 14, '2023-02-22 10:20:16', 1, '2023-02-22 17:20:16'),
(16, 1, 18, 'ทฤษฎีการเกิดแก้วและการประยุกต์ใช้', './assets/courses/images/1677061373_2f4efebdc0d8be88d763.png', 'TRUE', '', '', 'ห้อง SC211 อาคารศูนย์วิทยาศาสตร์และวิทยาศาสตร์ประยุกต์', '<ul><li>เพื่อถ่ายทอดองค์ความรู้เกี่ยวกับทฤษฎีการเกิดแก้วและการประยุกต์ใช้</li></ul>', '<p>เป้าหมายเชิงปริมาณ\r\n</p><ul><li>นักเรียน จำนวน 60 คน/รุ่น\r\n</li></ul><p>เป้าหมายเชิงคุณภาพ\r\n</p><ul><li>นักเรียนมีความรู้เกี่ยวกับทฤษฎีการเกิดแก้วและการประยุกต์ใช้</li></ul>', '<ul><li>หลักการการเกิดแก้ว\r\n</li><li>สมบัติต่าง ๆ ของวัสดุแก้ว\r\n</li><li>หลักการออกแบบสูตรแก้ว\r\n</li><li>การคำนวณสารในการเตรียมแก้ว</li></ul>', '<p>สิ่งที่ต้องประเมิน\r\n</p><ul><li>ความรู้เกี่ยวกับทฤษฎีการเกิดแก้วและการประยุกต์ใช้จากแบบทดสอบ\r\n</li></ul><p>วิธีการประเมิน\r\n</p><ul><li>คะแนนของแบบประเมินของผู้ที่เข้าอบรม</li></ul>', '<ul><li>ผู้เข้าร่วมอบรมมีความรู้ ความเข้าใจเกี่ยวกับทฤษฎีการเกิดแก้ว และการประยุกต์ใช้งานด้านแก้ว\r\n</li><li>ผู้เข้าร่วมอบรมสามารออกแบบสูตรแก้ว และคำนวณการเตรียมสารได้ด้วยตนเอง</li></ul>', './assets/courses/pdf/1677061373_3c5621be0895c3cb974a.pdf', '<p>...</p>', 500, 15, 'PUBLIC', 0, '2023-02-22 10:22:53', 1, '2023-02-22 17:22:53'),
(17, 1, 11, 'การอบรมเชิงปฏิบัติการด้านความปลอดภัยทางรังสี', './assets/courses/images/1677061700_ce31795b244f7d62b95e.png', 'TRUE', '', '', 'ห้อง SC211 อาคารศูนย์วิทยาศาสตร์และวิทยาศาสตร์ประยุกต์', '<ul><li>เพื่อถ่ายทอดองค์ความรู้ และฝึกทักษะด้านความปลอดภัยทางรังสี ในการสอบเป็นเจ้าหน้าที่ความปลอดภัยทางรังสี</li></ul>', '<p>เป้าหมายเชิงปริมาณ\r\n</p><ul><li>กลุ่มบุคคลที่มีความสนใจด้านการปฏิบัติการความปลอดภัยทางรังสี จำนวน 20 คน/รุ่น\r\n</li></ul><p>เป้าหมายเชิงคุณภาพ\r\n</p><ul><li>เป็นการถ่ายทอดองค์ความรู้ และทักษะด้านความปลอดภัยทางรังสี ในการสอบเป็นเจ้าหน้าที่ความปลอดภัยทางรังสี</li></ul>', '<ul><li>ปฏิบัติการความปลอดภัยทางรังสี\r\n</li><li>อบรมเชิงทฤษฏีและปฏิบัติการทางรังสี</li></ul>', '<p>สิ่งที่ต้องประเมิน\r\n</p><ul><li>ทักษะทั้งทฤษฏีและปฏิบัติการความปลอดภัยทางรังสีได้ถูกต้องตามหลักวิชาการ\r\n</li></ul><p>วิธีการประเมิน\r\n</p><ul><li>สังเกตพฤติกรรม\r\n</li><li>แบบทดสอบความเข้าใจ</li></ul>', '<ul><li>ผู้เข้าร่วมอบรมมีความรู้ ความเข้าใจ ทั้งทฤษฏีและปฏิบัติการทางด้านความปลอดภัยทางรังสี\r\n</li><li>ผู้เข้าร่วมอบรมมีทักษะและสามารถสอบเป็นเจ้าหน้าที่ความปลอดภัยทางรังสีได้</li></ul>', './assets/courses/pdf/1677061700_7742de7946297817e4ca.pdf', '<p>...</p>', 1500, 15, 'PUBLIC', 0, '2023-02-22 10:28:20', 1, '2023-02-22 17:28:20'),
(19, 4, 14, 'การออกแบบและจำลองโมเดล 3 มิติ', './assets/courses/images/1699058934_db326c906e4314c21808.png', 'TRUE', '', '', 'คณะวิทยาศาสตร์และเทคโนโลยี', '<p>การออกแบบและจำลองโมเดล 3 มิติ</p>', '<p>อาจารย์คณะวิทยาศาสตร์และเทคโนโลยี</p>', '<p>แนะนำโปรแกรม Visual Component</p><p>เรียนรู้คำสั่งพื้นฐานของโปรแกรม Visual Component</p><p>พื้นฐานการออกแบบและสร้าง Layout 3D</p><p>พื้นฐานการจำลองและควบคุมหุ่นยนต์</p><p>การจำลองการทำงานเครื่องจักรกลอัตโนมัติ</p><p>การจำลองระบบสายพานลำเลียงและการหยิบวางชิ้นงาน</p>', '<p>แบบทดสอบและแบบสอบถาม</p>', '<p>การนำไปประยุกต์ใช้ในการจัดการเรียนการสอน</p>', './assets/courses/pdf/1699058934_d9f340f6d8a2797ce97e.pdf', '<p>เบอร์โทรศัพท์ 034261063</p><p>อีเมล์ saraban_sct@npru.ac.th</p><p>เอกสารประกอบการอบรม :&nbsp; <a href=\"https://short.npru.ac.th/8ao\" target=\"_blank\">https://short.npru.ac.th/8ao</a></p>', 0, 16, 'PUBLIC', 7, '2023-11-04 00:48:54', 4, '2023-11-04 07:48:54'),
(20, 4, 17, 'การเขียนโปรแกรมควบคุมหุ่นยนต์อุตสาหกรรม', './assets/courses/images/1699059712_cffb66ec3c3ee66cf443.png', 'TRUE', '', '', 'คณะวิทยาศาสตร์และเทคโนโลยี มหาวิทยาลัยราชภัฏนครปฐม', '<p>การเขียนโปรแกรมควบคุมหุ่นยนต์อุตสาหกรรม</p>', '<p>อาจารย์คณะวิทยาศาสตร์และเทคโนโลยี</p>', '<p>Structure and function of robot system</p><p>Robot safty</p><p>Moving the robot</p><p>etc.</p>', '<p>แบบทดสอบและแบบสอบถาม</p>', '<p>การนำไปประยุกต์ใช้ในการจัดการเรียนการสอน</p>', './assets/courses/pdf/1699059542_1f0df5afb3e825184dfe.pdf', '<p>เบอร์โทรศัพท์ 034261063\r\n</p><p>อีเมล์ saraban_sct@npru.ac.th</p><p>เอกสารประกอบการอบรม : <a href=\"https://short.npru.ac.th/8an\" target=\"_blank\">https://short.npru.ac.th/8an</a></p><p>\r\n</p>', 0, 16, 'PUBLIC', 8, '2023-11-04 00:59:02', 4, '2023-11-04 07:59:02'),
(21, 4, 14, 'ChatGPT', './assets/courses/images/1699854105_df110c2fccc51f4ccc1a.png', 'TRUE', '', '', 'C409', '<p>การปรับแต่ง chatGPT มาช่วยงานเฉพาะด้าน</p>', 'บุคคลทั่วไป', '<p>การสร้าง chatGPT มาช่วยในการทำงานด้านต่าง ๆ&nbsp;</p><p><br></p>', 'chatGPT ทีมีการปรับปรุงให้ใช้งานเฉพาะด้าน', '<p>การสร้าง GPTs ประยุกต์ไปใช้งานด้านต่าง ๆ&nbsp;</p>', './assets/courses/pdf/1699591900_696179ec8f7bab3969b6.pdf', '<p>034 261 065</p><p>sc@npru.ac.th</p>', 10000, 2, 'PUBLIC', 33, '2023-11-10 04:51:40', 1, '2023-11-10 11:51:40'),
(22, 8, 18, 'การอบรมการเชื่อมเทอรมิต', './assets/courses/images/1699767519_34c007661511f77f1def.jpg', 'TRUE', '', '', 'คณะวิทยาศาสตร์และเทคโนโลยี มหาวิทยาลัยราชภัฏนครปฐม', 'เทคโนโลยีการเชื่อมเทอรมิต', '<p>บุคคลทั่วไป</p>', '<p>รู้จักชุดฝึกปฏิบัติการเชื่อมเทอรมิตพื้นฐาน</p><p>เรียนรู้การติดตั้ง ตรวจสอบ บำรุงรถไฟเบื้องต้น</p><p>ฯลฯ</p>', '<p>แบบทดสอบ</p><p>สอบปฏิบัติ</p>', 'ทักษะการติดตั้ง ตรวจสอบ ระบบราง', './assets/courses/pdf/1699767519_c9c65f895ed5d75a647b.pdf', '<p>034261065</p><p>sc@npru.ac.th</p>', 8500, 16, 'PUBLIC', 10, '2023-11-12 05:38:39', 1, '2023-11-12 12:38:39'),
(23, 4, 14, 'การประยุกต์ใช้ Gen-AI เพื่อใช้ในการเรียนการสอน และงานวิจัย', './assets/courses/images/1708580854_9ef31c543cb582a78bf8.jpg', 'TRUE', '', '', 'อาคารปฏิบัติการคอมพิวเตอร์ ห้อง C307', '<p>การประยุกต์ใช้งาน Gen-AI&nbsp; ในการเรียนการสอนและงานวิจัย</p>', '<p><span style=\"color: var(--bs-body-color); font-size: var(--bs-body-font-size); font-weight: var(--bs-body-font-weight); text-align: var(--bs-body-text-align);\">คณาจารย์และเจ้าหน้าที่ คณะวิทยาศาสตร์และเทคโนโลยี</span><br></p><p>บุคคลทั่วไปที่สนใจ</p>', '<p>Gen-AI สมัยใหม่ อาทิ เช่น chatGPT, Gemini, Bing Chat เป็นต้น</p>', '<p>ความพึงพอใจและจำนวนผู้เข้าร่วมอบรม</p>', '<p>การเพิ่มประสิทธิภาพในการเรียนการสอนและการทำงานวิจัย</p>', './assets/courses/pdf/1709115981_8c683dccf8296eb32a47.pdf', '<p>โทรศัพท์ 0 3426 1065 / โทรสาร 0 3426 1065 / Email : saraban_sct@npru.ac.th</p><p><a href=\"https://www.facebook.com/spidystudio\" target=\"_blank\">https://www.facebook.com/spidystudio</a></p><p>ขอให้ผู้ที่จะอบรมสมัครใช้งานแอปพลิเคชัน ตามนี้&nbsp;&nbsp;<span style=\"color: var(--bs-body-color); font-size: var(--bs-body-font-size); font-weight: var(--bs-body-font-weight); text-align: var(--bs-body-text-align);\">https://bit.ly/AppsGenAI</span></p>', 0, 7, 'PUBLIC', 82, '2024-02-22 05:47:34', 4, '2024-02-22 12:47:34'),
(24, 4, 14, 'Gen AI for Gen Next Developer', './assets/courses/images/1712732013_b48de018c217a31c8ec2.jpg', 'TRUE', '', '', 'อาคารปฏิบัติการคอมพิวเตอร์ ห้อง C201', '<p>การนำ Gen AI มาใช้ในการสร้าง AI ChatBot&nbsp;</p><p>การใช้งาน GitHub Copliot ในการพัฒนาซอฟต์แวร์</p>', '<p>นักศึกษาสาขาวิทยาการคอมพิวเตอร์ มหาวิทยาลัยราชภัฏนครปฐม และบุคลากรภายในหรือบุคคลภายนอกที่ต้องการ UpSkill&nbsp;</p>', '<p>AI ChatBot with OpenAI API, Gemini AI API และ Claude AI API</p><p>การใช้งาน GitHub Copliot&nbsp;&nbsp;</p><p>การพัฒนา Full Stack Framework สมัยใหม่</p><p><br></p>', '<p>ความพึงพอใจ</p>', '<p>การประยุกต์ใช้ Gen AI เพื่อเพิ่ม productivity ในการพัฒนาซอฟต์แวร์</p><p>การสร้าง AI ChatBot&nbsp;</p>', './assets/courses/pdf/1712732013_f6ec1dfdaa74d16e7f84.pdf', '<p>sc@npru.ac.th</p>', 0, 16, 'PUBLIC', 2, '2024-04-10 06:53:33', 4, '2024-04-10 13:53:33'),
(25, 1, 20, 'อบรมเชิงปฏิบัติการ STEM Education และเทคนิคการสอนโครงงานสะเต็มศึกษา', './assets/courses/images/1718671434_689242491c1b77558043.png', 'TRUE', '', '', 'มหาวิทยาลัยราชภัฏนครปฐม', '<p>ความเข้าใจถึงแก่นแท้ของ STEM Education และความสำคัญของการเรียนรู้แบบบูรณาการ<br>ออกแบบและจัดกิจกรรมการเรียนรู้ STEM Education ได้อย่างมีประสิทธิภาพ<br>สร้างแรงบันดาลใจให้ผู้เรียนสนใจและรักการเรียนรู้ STEM Education</p>', '<p>บุคลากรทางการศึกษา</p>', '<p>ศึกษาเทคนิคการสอนโครงงานสะเต็มศึกษา <br>กิจกรรมการถ่ายทอดและพัฒนาความรู้ความเข้าใจ เกี่ยวกับ STEM Education</p>', '<p><span style=\"color: var(--bs-body-color); font-size: var(--bs-body-font-size); font-weight: var(--bs-body-font-weight); text-align: var(--bs-body-text-align);\">ความพึงพอใจในด้านการเพิ่มองค์ความรู้ในทักษะโครงงานสะเต็มศึกษา</span><br></p>', '<p>บุคลากรทางการศึกษานำความรู้ไปใช้ในการเรียนการสอน</p>', './assets/courses/pdf/1718670331_95d63463d5acd26dd9b2.pdf', '<p>โทร 0970255034<br>wnuanthip@webmail.npru.ac.th</p>', 519, 8, 'PUBLIC', 11, '2024-06-13 04:42:50', 44, '2024-06-13 11:42:50'),
(26, 1, 23, 'อบรมเชิงปฏิบัติการ การเตรียมความพร้อมด้านการทำปฏิบัติการทางเคมี', './assets/courses/images/1720366179_232c11a5f2bfd58df01e.png', 'TRUE', '', '', 'มหาวิทยาลัยราชภัฏนครปฐม', '<p>1.	ผู้เข้ารับการอบรมได้รับความรู้ เทคนิคและทักษะในการทำปฏิบัติการทางเคมีเพิ่มมากขึ้น\r\n</p><p>2.	ผู้เข้ารับการอบรมสามารถใช้เครื่องมือและเครื่องแก้วพื้นฐานในห้องปฏิบัติการเคมีได้\r\n</p><p>3.	ผู้เข้ารับการอบรมสามารถใช้เครื่องวัดค่าความเป็นกรด-เบส (pH meter) ได้\r\n</p><p>4.	ผู้เข้ารับการอบรมสามารถเตรียมสารละลายที่มีค่า pH 1-14 ได้ โดยเตรียมจากสารละลายบัฟเฟอร์ กรด และเบส \r\n</p><p>5.	ผู้เข้ารับการอบรมสามารถเตรียมสารละลายอินดิเคเตอร์จากธรรมชาติใช้ได้เอง ในราคาถูก\r\n</p><p>6.	ผู้เข้ารับการอบรมสามารถทดสอบค่าความเป็นกรด-เบสของสารต่างๆ ที่พบในชีวิตประจำวันได้\r\n</p><p>7.	ผู้เข้ารับการอบรมได้ฝึกทักษะการทำปฏิบัติการ เรื่อง เทคนิคการไทเทรตโดยใช้อินดิเคเตอร์และ         อินดิเคเตอร์จากธรรมชาติ\r\n</p><p>8.	ผู้เข้ารับการอบรมสามารถนำความรู้ และเทคนิคต่างๆ ไปประยุกต์ใช้ในการจัดการเรียนการสอนรายวิชาปฏิบัติการเคมีในระดับมัธยมศึกษาได้</p>', '<p>ครูผู้สอนวิทยาศาสตร์และเคมี ระดับมัธยมศึกษา</p>', '<p>การทำปฏิบัติการทางเคมี เรื่อง </p><p>(1) Natural Indicator <br>(2) เทคนิคการไทเทรต <br>(3) สมบัติธาตุหมู่ IA และ IIA <br>(4) Paper Chromatography <br>(5) สมดุลเคมี\r\n</p><p><br></p>', '<p>วัดผลเชิงคุณภาพ (แบบประเมินความพึงพอใจ) <br><span style=\"color: var(--bs-body-color); font-size: var(--bs-body-font-size); font-weight: var(--bs-body-font-weight); text-align: var(--bs-body-text-align);\">วัดผลเชิงปริมาณ (จำนวนผู้เข้าร่วมกิจกรรมมากกว่าร้อยละ 80)</span></p><p><br></p>', '<p>ผู้เข้ารับการอบรม สามารถนำเทคนิคและทักษะในการทำปฏิบัติการทางเคมีไปประยุกต์ใช้ในการจัดการเรียนการสอนในระดับมัธยมศึกษาได้&nbsp;</p>', './assets/courses/pdf/1720364621_9feedbab498c8dad83f0.pdf', '<p>** อบรม 2 วัน คือ วันที่ 26 ก.ค. 2567 และ 2 ส.ค. 2567</p>', 699, 16, 'PUBLIC', 5, '2024-06-18 00:52:42', 44, '2024-06-18 07:52:42'),
(27, 1, 22, 'อบรมเชิงปฏิบัติการ การสร้างชุดปฏิบัติการฟิสิกส์ระดับมัธยมศึกษาตอนปลายจากวัสดุรอบตัว', './assets/courses/images/1720364956_9aa6c4f80810cf9b1786.png', 'TRUE', '', '', 'มหาวิทยาลัยราชภัฏนครปฐม', '<p>เพื่อสร้างชุดปฏิบัติการฟิสิกส์ระดับมัธยมศึกษาตอนปลายจากวัสดุรอบตัว</p>', '<p>ครูผู้สอนวิชาฟิสิกส์ในระดับชั้นมัธยมศึกษา</p>', '<p>สร้างชุดปฏิบัติการฟิสิกส์ระดับมัธยมศึกษาตอนปลายจากวัสดุรอบตัว</p>', '<p>ผู้เข้าร่วมอบรมมีความพร้อมในการประยุกต์ใช้วัสดุรอบตัวในการทำการทดลอง</p>', '<p>สามารถประยุกต์ใช้วัสดุรอบตัว สร้างชุดปฏิบัติการฟิสิกส์เพื่อเป็นสื่อการสอน</p>', './assets/courses/pdf/1720364956_b18d60b6e2ab4871b077.pdf', '<p>-</p>', 519, 8, 'PUBLIC', 1, '2024-06-18 01:09:17', 44, '2024-06-18 08:09:17'),
(28, 1, 1, 'อบรมเชิงปฏิบัติการ การเตรียมตัวอย่างสไลด์ถาวรทางจุลชีววิทยา ', './assets/courses/images/1720364280_b95481ae1d1ade4ede50.jpg', 'TRUE', '', '', 'มหาวิทยาลัยราชภัฏนครปฐม', '<p>เพื่อให้ครูสามารถเตรียมตัวอย่างทางจุลชีววิทยาแบบสไลด์ถาวรได้</p>', '<p>ครูในโรงเรียน</p>', '<p>ประเภทของจุลินทรีย์ การทำ wet mount การทำสไลดฺ์ถาวร</p>', '<p>แบบประเมินความพึงพอใจ, คุณภาพของแผ่นไลด์</p>', '<p>ครูได้รับเทคนิคและวิธีการทำสไลด์ถาวรทางจุลชีววิทยาและนำไปประยุกต์ใช้ในการสอนต่อได้</p>', './assets/courses/pdf/1720364280_3b8973bb1fb488978a1c.pdf', '<p>-</p>', 600, 8, 'PUBLIC', 3, '2024-07-07 14:58:00', 44, '2024-07-07 21:58:00'),
(29, 1, 19, 'อบรมเชิงปฏิบัติการ การสร้างสื่อการสอนคณิตศาสตร์และกิจกรรม Active Learning  สำหรับครูมัธยมศึกษา', './assets/courses/images/1720365390_b524b93b659403bdeab4.jpg', 'TRUE', '', '', 'อาคารศูนย์วิทยาศาสตร์และวิทยาศาสตร์ประยุกต์ มหาวิทยาลัยราชภัฏนครปฐม', '<p>เพื่อเป็นการพัฒนาองค์ความรู้ทางวิชาการ และวิธีการจัดการเรียนรู้การสอนคณิตศาสตร์&nbsp;</p>', '<p>ครูผู้สอนวิชาคณิตศาสตร์ในระดับชั้นมัธยมศึกษา\r\n</p><p><br></p>', '<p>การสร้างและพัฒนาสื่อการสอนคณิตศาสตร์ระดับชั้นมัธยมศึกษา\r\n</p><p><br></p>', '<p>วัดผลเชิงคุณภาพ (แบบประเมินความพึงพอใจ) <br>วัดผลเชิงปริมาณ (จำนวนผู้เข้าร่วมกิจกรรมมากกว่าร้อยละ 80)\r\n</p><p><br></p>', '<p>ผู้เข้ารับการอบรม สามารถนำความรู้ในการสร้างและพัฒนาสื่อการเรียนวิชาคณิตศาสตร์ไปประยุกต์ใช้ในการจัดการเรียนการสอนในระดับมัธยมศึกษาได้ \r\n</p><p><br></p>', './assets/courses/pdf/1720365390_6642d584eccce206a7f2.pdf', '<p>-</p>', 500, 8, 'PUBLIC', 3, '2024-07-07 15:16:30', 44, '2024-07-07 22:16:30'),
(30, 1, 24, 'อบรมเชิงปฏิบัติการ เทคนิคการเตรียมเนื้อเยื่อสัตว์ และการผลิตสไลด์ถาวรจากโปรโตซัวและสัตว์ชั้นต่ำ', './assets/courses/images/1720421720_3e283aae41fd8bc45bb1.jpg', 'TRUE', '', '', 'ห้องปฏิบัติการทางชีววิทยา มหาวิทยาลัยราชภัฏนครปฐม', '<p>1. ผู้เข้ารับการอบรมได้ทราบเทคนิคการเตรียมเนื้อเยื่อสัตว์<br>2. ผู้เข้ารับการอบรมสามารถทำสไลด์ถาวรจากพารามีเซียมได้<br>3.	ผู้เข้ารับการอบรมสามารถนำความรู้ และเทคนิคต่างๆ ไปประยุกต์ใช้ในการจัดการเรียนการสอนรายวิชาได้</p>', '<p>ครูผู้สอนวิทยาศาสตร์และชีววิทยา</p>', '<p>เทคนิคการเตรียมเนื้อเยื่อสัตว์ และ<span style=\"color: var(--bs-body-color); font-size: var(--bs-body-font-size); font-weight: var(--bs-body-font-weight); text-align: var(--bs-body-text-align);\">ทำสไลด์ถาวรจากพารามีเซียม</span></p>', '<p>แบบประเมินความพึงพอใจ, คุณภาพของแผ่นไลด์</p>', '<p>ครูได้รับเทคนิคและวิธีการทำสไลด์ถาวรทางจุลชีววิทยาและนำไปประยุกต์ใช้ในการสอนต่อได้</p>', './assets/courses/pdf/1720421719_bc96f3eb724629f827ad.pdf', '<p>-</p>', 1500, 16, 'PUBLIC', 1, '2024-07-08 06:55:20', 44, '2024-07-08 13:55:20'),
(31, 4, 21, 'เส้นทางสู่ศาสตราจารย์: พลิกโฉมการเขียนงานวิจัยด้วยพลัง AI', './assets/courses/images/1738730140_3778fed46a83fb04954f.jpg', 'TRUE', '', '', 'ห้องประชุม SC101  คณะวิทยาศาสตร์และเทคโนโลยี มหาวิทยาลัยราชภัฏนครปฐม', '<p>พัฒนาศักยภาพบุคลากร</p>', '<p>บุคคลทั่วไป 10 ท่าน</p>', '<p>เส้นทางสู่ตำแหน่งทางวิชาการ และการเขียนงานวิจัยด้วยพลัง AI</p>', '<p>แบบสอบถาม</p>', '<p>การประยุกต์ใช้ AI ในการทำงานวิจัย</p>', './assets/courses/pdf/1737893704_9d71950171e24b41d578.pdf', '<p>sc@npru.ac.th</p>', 0, 8, 'PUBLIC', 23, '2025-01-26 09:43:36', 1, '2025-01-26 16:43:36');

-- --------------------------------------------------------

--
-- Table structure for table `course_batch`
--

CREATE TABLE `course_batch` (
  `course_batch_id` int(11) NOT NULL,
  `course_id` int(11) NOT NULL,
  `min_enroll` smallint(4) NOT NULL,
  `max_enroll` tinyint(3) NOT NULL,
  `start_enrollment` date NOT NULL,
  `end_enrollment` date NOT NULL,
  `start_classroom` date NOT NULL,
  `end_classroom` date NOT NULL,
  `end_payment` date NOT NULL,
  `is_active` varchar(5) NOT NULL DEFAULT 'FALSE',
  `created` datetime NOT NULL,
  `creator` int(11) NOT NULL,
  `modified` datetime NOT NULL DEFAULT current_timestamp()
) ENGINE=InnoDB DEFAULT CHARSET=utf8mb4 COLLATE=utf8mb4_general_ci;

--
-- Dumping data for table `course_batch`
--

INSERT INTO `course_batch` (`course_batch_id`, `course_id`, `min_enroll`, `max_enroll`, `start_enrollment`, `end_enrollment`, `start_classroom`, `end_classroom`, `end_payment`, `is_active`, `created`, `creator`, `modified`) VALUES
(1, 1, 80, 30, '2023-01-10', '2023-01-15', '2023-01-21', '2023-01-22', '2023-01-17', 'TRUE', '2023-03-11 11:16:34', 1, '2023-03-11 18:16:34'),
(3, 2, 80, 30, '2022-03-10', '2022-07-02', '2022-07-09', '2022-07-10', '0000-00-00', 'TRUE', '2023-03-12 09:43:41', 1, '2023-03-12 16:43:41'),
(4, 3, 80, 50, '2022-03-15', '2022-06-17', '2022-06-24', '2022-06-24', '0000-00-00', 'TRUE', '2023-03-12 09:46:58', 1, '2023-03-12 16:46:58'),
(5, 4, 80, 30, '2022-05-10', '2022-07-23', '2022-07-30', '2022-07-31', '0000-00-00', 'TRUE', '2023-03-12 09:48:13', 1, '2023-03-12 16:48:13'),
(6, 5, 80, 30, '2022-05-10', '2022-08-20', '2022-08-27', '2022-08-28', '0000-00-00', 'TRUE', '2023-03-12 09:49:18', 1, '2023-03-12 16:49:18'),
(7, 6, 80, 30, '2022-05-10', '2022-07-30', '2022-08-06', '2022-08-07', '0000-00-00', 'TRUE', '2023-03-12 09:50:27', 1, '2023-03-12 16:50:27'),
(8, 7, 80, 20, '2022-05-10', '2022-08-13', '2022-08-20', '2022-08-21', '0000-00-00', 'TRUE', '2023-03-12 09:51:24', 1, '2023-03-12 16:51:24'),
(9, 8, 80, 20, '2022-05-10', '2022-08-13', '2022-08-20', '2022-08-21', '0000-00-00', 'TRUE', '2023-03-12 09:52:17', 1, '2023-03-12 16:52:17'),
(10, 9, 80, 40, '2022-05-10', '2022-08-18', '2022-08-25', '2022-08-26', '2022-08-20', 'TRUE', '2023-03-12 09:53:15', 1, '2023-03-12 16:53:15'),
(11, 10, 80, 15, '2022-05-10', '2022-07-23', '2022-07-30', '2022-07-31', '0000-00-00', 'TRUE', '2023-03-12 09:54:23', 1, '2023-03-12 16:54:23'),
(12, 11, 80, 30, '2022-05-10', '2022-07-16', '2022-07-23', '2022-07-24', '0000-00-00', 'TRUE', '2023-03-12 09:55:15', 1, '2023-03-12 16:55:15'),
(13, 12, 80, 30, '2022-05-10', '2022-07-23', '2022-07-30', '2022-07-31', '0000-00-00', 'TRUE', '2023-03-12 09:56:11', 1, '2023-03-12 16:56:11'),
(14, 13, 80, 20, '2022-05-10', '2022-07-02', '2022-07-09', '2022-07-10', '0000-00-00', 'TRUE', '2023-03-12 09:57:02', 1, '2023-03-12 16:57:02'),
(15, 14, 80, 20, '2022-05-10', '2022-07-23', '2022-07-30', '2022-07-31', '0000-00-00', 'TRUE', '2023-03-12 09:57:56', 1, '2023-03-12 16:57:56'),
(16, 15, 80, 20, '2022-05-10', '2022-07-16', '2022-07-23', '2022-07-24', '0000-00-00', 'TRUE', '2023-03-12 09:59:20', 1, '2023-03-12 16:59:20'),
(17, 16, 80, 60, '2022-03-10', '2022-08-20', '2022-08-27', '2022-08-28', '0000-00-00', 'TRUE', '2023-03-12 10:01:03', 1, '2023-03-12 17:01:03'),
(18, 17, 80, 20, '2022-05-10', '2022-07-30', '2022-08-06', '2022-08-07', '0000-00-00', 'TRUE', '2023-03-12 10:02:46', 1, '2023-03-12 17:02:46'),
(21, 19, 10, 50, '2023-11-04', '2023-11-12', '2023-11-16', '2023-11-17', '2023-11-13', 'TRUE', '2023-11-04 00:52:44', 4, '2023-11-04 07:52:44'),
(22, 20, 10, 50, '2023-11-04', '2023-11-12', '2023-11-14', '2023-11-15', '2023-11-13', 'TRUE', '2023-11-04 01:00:54', 4, '2023-11-04 08:00:54'),
(23, 21, 80, 10, '2023-11-09', '2023-11-10', '2023-11-22', '2023-11-22', '2023-11-11', 'TRUE', '2023-11-10 04:53:14', 1, '2023-11-10 11:53:14'),
(25, 22, 80, 30, '2023-11-11', '2023-11-21', '2023-11-28', '2023-11-29', '2023-11-22', 'TRUE', '2023-11-12 05:39:57', 1, '2023-11-12 12:39:57'),
(26, 23, 80, 10, '2024-02-22', '2024-02-29', '2024-03-27', '2024-03-27', '2024-03-01', 'TRUE', '2024-02-22 05:48:51', 4, '2024-02-22 12:48:51'),
(27, 24, 80, 5, '2024-04-10', '2024-04-19', '2024-04-23', '2024-04-24', '2024-04-20', 'TRUE', '2024-04-10 06:54:20', 4, '2024-04-10 13:54:20'),
(28, 25, 100, 30, '2024-06-18', '2024-07-12', '2024-07-19', '2024-07-19', '2024-07-14', 'TRUE', '2024-06-18 00:26:02', 44, '2024-06-18 07:26:02'),
(30, 26, 100, 30, '2024-06-18', '2024-07-19', '2024-07-26', '2024-08-02', '2024-07-21', 'TRUE', '2024-06-18 01:10:38', 44, '2024-06-18 08:10:38'),
(31, 27, 100, 30, '2024-06-18', '2024-07-26', '2024-08-02', '2024-08-02', '2024-07-28', 'TRUE', '2024-06-18 01:11:57', 44, '2024-06-18 08:11:57'),
(32, 28, 100, 30, '2024-07-08', '2024-08-23', '2024-08-30', '2024-08-30', '2024-08-24', 'TRUE', '2024-07-07 15:00:28', 44, '2024-07-07 22:00:28'),
(33, 29, 100, 30, '2024-07-08', '2024-07-26', '2024-08-02', '2024-08-02', '2024-07-27', 'TRUE', '2024-07-07 15:17:21', 44, '2024-07-07 22:17:21'),
(34, 30, 100, 25, '2024-07-08', '2024-07-26', '2024-08-01', '2024-08-02', '2024-07-27', 'TRUE', '2024-07-08 06:56:11', 44, '2024-07-08 13:56:11'),
(35, 31, 30, 10, '2025-01-26', '2025-02-05', '2025-02-10', '2025-02-10', '2025-02-08', 'TRUE', '2025-01-26 09:45:02', 1, '2025-01-26 16:45:02');

-- --------------------------------------------------------

--
-- Table structure for table `course_categories`
--

CREATE TABLE `course_categories` (
  `course_category_id` int(11) NOT NULL,
  `title` varchar(180) NOT NULL
) ENGINE=InnoDB DEFAULT CHARSET=utf8mb4 COLLATE=utf8mb4_general_ci;

--
-- Dumping data for table `course_categories`
--

INSERT INTO `course_categories` (`course_category_id`, `title`) VALUES
(1, 'การศึกษา (Education)'),
(2, 'ธุรกิจ (Business)'),
(3, 'อาหารและเครื่องดื่ม (Foods & Drinks)'),
(4, 'คอมพิวเตอร์ (Computer)'),
(5, 'ดนตรี นาฏศิลป์ ศิลปะ (Music, Dance, Arts)'),
(6, 'ท่องเที่ยว (Toursim)'),
(7, 'เกษตร (Agriculture)'),
(8, 'เทคโนโลยีระบบราง');

-- --------------------------------------------------------

--
-- Table structure for table `course_lecturer`
--

CREATE TABLE `course_lecturer` (
  `course_id` int(11) NOT NULL,
  `lecturer_id` int(11) NOT NULL
) ENGINE=InnoDB DEFAULT CHARSET=utf8mb4 COLLATE=utf8mb4_general_ci;

--
-- Dumping data for table `course_lecturer`
--

INSERT INTO `course_lecturer` (`course_id`, `lecturer_id`) VALUES
(1, 2),
(1, 100),
(2, 100),
(2, 125),
(3, 68),
(3, 109),
(4, 18),
(5, 11),
(5, 65),
(6, 6),
(6, 21),
(6, 23),
(7, 34),
(7, 65),
(7, 73),
(8, 35),
(8, 67),
(9, 130),
(9, 141),
(10, 142),
(10, 156),
(11, 69),
(11, 132),
(12, 89),
(12, 123),
(13, 97),
(14, 46),
(14, 54),
(15, 80),
(16, 82),
(16, 154),
(17, 134),
(17, 136),
(19, 162),
(20, 161),
(21, 74),
(21, 135),
(22, 163),
(23, 164),
(24, 135),
(25, 90),
(25, 106),
(26, 101),
(26, 121),
(27, 83),
(27, 90),
(28, 113),
(28, 125),
(29, 2),
(30, 17),
(31, 165);

-- --------------------------------------------------------

--
-- Table structure for table `enroll`
--

CREATE TABLE `enroll` (
  `enroll_id` int(11) NOT NULL,
  `status` varchar(30) NOT NULL,
  `description` text NOT NULL,
  `course_id` int(11) NOT NULL,
  `course_batch_id` int(11) NOT NULL,
  `regis_fee` int(11) NOT NULL,
  `user_id` int(11) NOT NULL,
  `fullname_tha` varchar(250) NOT NULL,
  `fullname_eng` varchar(250) NOT NULL,
  `id_card` varchar(13) NOT NULL,
  `birth` date NOT NULL,
  `email` varchar(100) NOT NULL,
  `mobile` varchar(10) NOT NULL,
  `address` varchar(200) NOT NULL,
  `sub_district` varchar(100) NOT NULL,
  `district` varchar(100) NOT NULL,
  `province` varchar(100) NOT NULL,
  `postal_code` varchar(5) NOT NULL,
  `invoice_no` varchar(6) NOT NULL,
  `invoice_name` varchar(250) NOT NULL,
  `invoice_tax_id` varchar(13) NOT NULL,
  `invoice_address` varchar(200) NOT NULL,
  `invoice_sub_district` varchar(100) NOT NULL,
  `invoice_district` varchar(100) NOT NULL,
  `invoice_province` varchar(100) NOT NULL,
  `invoice_postal_code` varchar(5) NOT NULL,
  `inspector` int(11) NOT NULL,
  `has_alert` tinyint(1) NOT NULL,
  `enrolled` datetime NOT NULL,
  `modified` datetime NOT NULL DEFAULT current_timestamp()
) ENGINE=InnoDB DEFAULT CHARSET=utf8mb4 COLLATE=utf8mb4_general_ci;

--
-- Dumping data for table `enroll`
--

INSERT INTO `enroll` (`enroll_id`, `status`, `description`, `course_id`, `course_batch_id`, `regis_fee`, `user_id`, `fullname_tha`, `fullname_eng`, `id_card`, `birth`, `email`, `mobile`, `address`, `sub_district`, `district`, `province`, `postal_code`, `invoice_no`, `invoice_name`, `invoice_tax_id`, `invoice_address`, `invoice_sub_district`, `invoice_district`, `invoice_province`, `invoice_postal_code`, `inspector`, `has_alert`, `enrolled`, `modified`) VALUES
(7, 'SUCCESS', '', 21, 23, 10000, 5, 'นายพันธกานต์ กรุดมณี', 'Mr.Pantakarn Grudmanee', '1720401199446', '2001-10-03', '634259022@webmail.npru.ac.th', '0962838921', '103/12 หมู่4', 'ลำพยา', 'เมือง', 'นครปฐม', '73000', '660002', 'นายพันธกานต์ กรุดมณี', '1720401199446', '103/12 หมู่4', 'ลำพยา', 'เมือง', 'นครปฐม', '73000', 1, 0, '2023-11-10 04:53:33', '2023-11-10 11:53:33'),
(8, 'SUCCESS', '', 21, 23, 10000, 6, 'นายอรรถพล สงพูน', 'Mr.Atthaphon Songpoon', '1189900323154', '2001-05-16', '634259017@webmail.npru.ac.th', '0980832497', '35/8 ม.1', 'บ้านปรก', 'เมือง', 'สมุทรสงคราม', '75000', '660003', 'นายอรรถพล สงพูน', '1189900323154', '35/8 ม.1', 'บ้านปรก', 'เมือง', 'สมุทรสงคราม', '75000', 1, 0, '2023-11-10 04:53:44', '2023-11-10 11:53:44'),
(9, 'SUCCESS', '', 21, 23, 10000, 10, 'นางสาวขวัญธิชา พันเพ็ชร์', 'Ms.Kwanticha Phanpetch', '1718800018248', '2002-04-20', '634259001@webmail.npru.ac.th', '0913339226', '23', 'เขาสามสิบหาบ', 'ท่ามะกา', 'กาญจนบุรี', '71120', '660004', 'นางสาวขวัญธิชา พันเพ็ชร์', '1718800018248', '23', 'เขาสามสิบหาบ', 'ท่ามะกา', 'กาญจนบุรี', '71120', 1, 0, '2023-11-10 04:53:47', '2023-11-10 11:53:47'),
(10, 'SUCCESS', '', 21, 23, 10000, 8, 'นายนันทชัย  แสงอรุณ', 'Mr.์Nantachai sangarun', '1749800297083', '2002-01-23', 'jayza55255@gmail.com', '0808165582', '95', 'ห้วยม่วง', 'กำแพงแสน', 'นครปฐม', '73180', '660005', 'นายนันทชัย  แสงอรุณ', '1749800297083', '95', 'ห้วยม่วง', 'กำแพงแสน', 'นครปฐม', '73180', 1, 0, '2023-11-10 04:53:48', '2023-11-10 11:53:48'),
(11, 'SUCCESS', '', 21, 23, 10000, 9, 'นายวัชรากร สมถวิล', 'Mr.Wadcharakorn Somthawin', '1700401342745', '2002-03-03', '634259015@webmail.npru.ac.th', '0967305591', '92 หมู่ 6 ', 'ดอนกรวย', 'ดำเนินสะดวก', 'ราชบุรี', '70130', '660006', 'นายวัชรากร สมถวิล', '1700401342745', '92 หมู่ 6 ', 'ดอนกรวย', 'ดำเนินสะดวก', 'ราชบุรี', '70130', 1, 0, '2023-11-10 04:53:52', '2023-11-10 11:53:52'),
(12, 'SUCCESS', '', 21, 23, 10000, 7, 'นายณรงค์ฤทธิ์ สุปรานนท์', 'Mr.Narongrit Supranon', '1729800262972', '2001-12-12', '634259004@webmail.npru.ac.th', '0989751545', '88/225', 'บางแขม', 'เมือง', 'นครปฐม', '73000', '660007', 'นายณรงค์ฤทธิ์ สุปรานนท์', '1729800262972', '88/225', 'บางแขม', 'เมือง', 'นครปฐม', '73000', 1, 0, '2023-11-10 04:53:56', '2023-11-10 11:53:56'),
(13, 'SUCCESS', '', 21, 23, 10000, 11, 'นางสาวนุชนาฏ ลีโสม', 'Ms.Nootchanat Leesom', '1419902040408', '2002-01-04', '634259010@webmail.npru.ac.th', '0624408364', '49', 'ช่องแมว', 'ลำทะเมนชัย', 'นครราชสีมา', '30270', '660008', 'นางสาวนุชนาฏ ลีโสม', '1419902040408', '49', 'ช่องแมว', 'ลำทะเมนชัย', 'นครราชสีมา', '30270', 1, 0, '2023-11-10 04:54:07', '2023-11-10 11:54:07'),
(14, 'SUCCESS', '', 21, 23, 10000, 12, 'นายศิวกร โดรินทร์', 'Mr.Siwakorn Dorin', '1700401369568', '2001-11-22', '634259025@webmail.npru.ac.th', '0893799489', '72', 'ดอนกรวย', 'ดำเนินสะดวก', 'ราชบุรี', '70130', '660009', 'นายศิวกร โดรินทร์', '1700401369568', '72', 'ดอนกรวย', 'ดำเนินสะดวก', 'ราชบุรี', '70130', 1, 0, '2023-11-10 04:54:19', '2023-11-10 11:54:19'),
(15, 'SUCCESS', '', 23, 26, 0, 32, 'นายสรายุธ โภคะสุวรรณ ', 'Mr.Sarayut Phokasuwan ', '3730101522124', '1977-12-16', 'sarayut.chaprayom@gmail.com', '0945729929', '137/2', 'ดอนยายหอม', 'เมือง', 'นครปฐม', '73000', '670001', 'นายนายสรายุธ โภคะสุวรรณ โภคะสุวรรณ', '3730101522124', '137/2', 'ดอนยายหอม', 'เมือง', 'นครปฐม', '73000', 4, 0, '2024-02-28 06:15:31', '2024-02-28 13:15:31'),
(16, 'SUCCESS', '', 23, 26, 0, 33, 'นางสาวปณิตา วรรณพิรุณ', 'Ms.Panita Wannapiroon', '3240600241347', '1979-01-29', 'panita.w@fte.kmutnb.ac.th', '0814555741', '308/530', 'บางซื่อ', 'บางซื่อ', 'กรุงเทพมหานคร', '10800', '670002', 'นางสาวปณิตา วรรณพิรุณ', '3240600241347', '308/530', 'บางซื่อ', 'บางซื่อ', 'กรุงเทพมหานคร', '10800', 4, 0, '2024-02-28 06:46:10', '2024-02-28 13:46:10'),
(17, 'SUCCESS', '', 23, 26, 0, 34, 'นายณพงศ์ วรรณพิรุณ', 'Mr.Naphong Wannapirooon', '3240600241362', '1981-05-04', 'w.naphong@gmail.com', '0897503301', 'เลขที่ 60 หมู่ 3 ', 'หันตรา', 'พระนครศรีอยุธยา', 'พระนครศรีอยุธยา', '13000', '670003', 'นายณพงศ์ วรรณพิรุณ', '3240600241362', 'เลขที่ 60 หมู่ 3 ', 'หันตรา', 'พระนครศรีอยุธยา', 'พระนครศรีอยุธยา', '13000', 4, 0, '2024-02-28 06:59:10', '2024-02-28 13:59:10'),
(18, 'SUCCESS', '', 23, 26, 0, 38, 'นายธัญยบูรณ์ ชูลาภ', 'Mr.Tunyaboon Choolarb', '1739900408316', '1993-05-18', 'tunyaboon.choo@gmail.com', '0983084363', '165/2 หมู่2 ถ.คันคลองช่องสะเดา', 'สามควายเผือก', 'เมือง', 'นครปฐม', '73000', '670004', 'นายธัญยบูรณ์ ชูลาภ', '1739900408316', '165/2 หมู่2 ถ.คันคลองช่องสะเดา', 'สามควายเผือก', 'เมือง', 'นครปฐม', '73000', 4, 0, '2024-02-28 12:44:20', '2024-02-28 19:44:20'),
(19, 'SUCCESS', '', 23, 26, 0, 37, 'นางสาวบุษบา สังข์วรรณะ', 'Ms.Budsaba Sungwanna', '3720900239725', '1980-11-13', 'thu0799@kru.ac.th', '0984519249', '70 หมู่4', 'หนองบัว', 'เมืองกาญจนบุรี', 'กาญจนบุรี', '71190', '670005', 'นางสาวบุษบา สังข์วรรณะ', '3720900239725', '70 หมู่4', 'หนองบัว', 'เมืองกาญจนบุรี', 'กาญจนบุรี', '71190', 4, 0, '2024-02-28 13:34:26', '2024-02-28 20:34:26'),
(20, 'SUCCESS', '', 23, 26, 0, 40, 'นายติณห์พิชญ์พงศ์ นามะมอญ', 'Mr.Bhakin Namamorn', '1709900942029', '1995-01-13', 'fakingknight@gmail.com', '0809166577', '147/1 M.14 T.Park reat', 'ปากแรต', 'บ้านโป่ง', 'ราชบุรี', '70110', '670006', 'นายติณห์พิชญ์พงศ์ นามะมอญ', '1709900942029', '147/1 M.14 T.Park reat', 'ปากแรต', 'บ้านโป่ง', 'ราชบุรี', '70110', 4, 0, '2024-02-28 15:13:23', '2024-02-28 22:13:23'),
(21, 'SUCCESS', '', 23, 26, 0, 39, 'นางสาวพรวดี พัฒโนทัย', 'Ms.Phornwadee Phatthanothai ', '1610600146106', '1998-06-20', 'phonwadee0033@gmail.com', '0966828613', '16 ม.4 ', 'คอกควาย', 'บ้านไร่', 'อุทัยธานี', '61140', '670007', 'นางสาวนางสาวพรวดี พัฒโนทัย', '1610600146106', '16 ม.4 ', 'คอกควาย', 'บ้านไร่', 'อุทัยธานี', '61140', 4, 0, '2024-02-28 15:19:09', '2024-02-28 22:19:09'),
(22, 'SUCCESS', '', 23, 26, 0, 42, 'นายมีสิทธิ์ ชัยมณี', 'Mr.Mesith Chaimanee', '3119900316839', '1978-05-15', 'mesith.c@siu.ac.th', '0985245465', '170/104 ม.1', 'บางคูวัด', 'เมือง', 'ปทุมธานี', '12000', '670008', 'นายมีสิทธิ์ ชัยมณี', '3119900316839', '170/104 ม.1', 'บางคูวัด', 'เมือง', 'ปทุมธานี', '12000', 4, 0, '2024-02-29 03:00:33', '2024-02-29 10:00:33'),
(23, 'SUCCESS', '', 23, 26, 0, 43, 'นายเฉลิมพล แก้วเทพ', 'Mr.chaloemphol kaewthep', '1560100103387', '1987-02-10', 'chaloemphol.k@mru.ac.th', '0845261567', '166', 'ดงสุวรรณ', 'ดอกคำใต้', 'พะเยา', '56120', '670009', 'นายเฉลิมพล แก้วเทพ', '1560100103387', '166', 'ดงสุวรรณ', 'ดอกคำใต้', 'พะเยา', '56120', 4, 1, '2024-02-29 04:31:52', '2024-02-29 11:31:52'),
(24, 'SUCCESS', '', 23, 26, 0, 41, 'นายประดิษฐ์ สงค์แสงยศ', 'Mr.Pradit Songsangyos', '3509901031362', '1963-08-21', 'pradit.s@rmutsb.ac.th', '0812978939', '99 Moo 10', 'Bangtoey', 'Samkhok,', 'ปทุมธานี', '12160', '670010', 'นายประดิษฐ์ สงค์แสงยศ', '3509901031362', '99 Moo 10', 'Bangtoey', 'Samkhok,', 'ปทุมธานี', '12160', 4, 1, '2024-02-29 04:33:50', '2024-02-29 11:33:50'),
(25, 'SUCCESS', '', 31, 35, 0, 47, 'นายสีนติรัฐ นันสะอาง', 'Mr.Santirat Nansaarng', '3460100071016', '1973-09-16', 'santirat.nan@kmutt.ac.th', '0818266588', 'มหาวิทยาลัยเทคโนโลยีพระจอมเกล้าธนบุรี', 'บางมด', 'ทุ่งครุ', 'กรุงเทพมหานคร', '10140', '680001', 'นายสีนติรัฐ นันสะอาง', '3460100071016', 'มหาวิทยาลัยเทคโนโลยีพระจอมเกล้าธนบุรี', 'บางมด', 'ทุ่งครุ', 'กรุงเทพมหานคร', '10140', 1, 0, '2025-02-01 01:46:56', '2025-02-01 08:46:56'),
(26, 'SUCCESS', '', 31, 35, 0, 45, 'นายณรงค์ พันธุ์คง', 'Mr.Narong Punkong', '3650900260288', '1975-09-25', 'j.narongpk@kru.ac.th', '0866055370', '70ม.4', 'หนองบัว', 'เมือง', 'กาญจนบุรี', '71190', '680002', 'นายณรงค์ พันธุ์คง', '3650900260288', '70ม.4', 'หนองบัว', 'เมือง', 'กาญจนบุรี', '71190', 1, 0, '2025-02-01 07:34:41', '2025-02-01 14:34:41'),
(27, 'SUCCESS', '', 31, 35, 0, 48, 'นายวรินทร์ ศรีปัญญา', 'Mr.Warin Sripanya', '3700500202140', '1978-10-18', 'sripanya@webmail.npru.ac.th', '0813981072', '10/6 หมู่ 1 ต.ลาดบัวขาว', 'ราชบุรี', 'บ้านโป่ง', 'ราชบุรี', '70110', '680003', 'นายวรินทร์ ศรีปัญญา', '3700500202140', '10/6 หมู่ 1 ต.ลาดบัวขาว', 'ราชบุรี', 'บ้านโป่ง', 'ราชบุรี', '70110', 1, 0, '2025-02-01 07:43:52', '2025-02-01 14:43:52'),
(28, 'SUCCESS', '', 31, 35, 0, 49, 'นางสาวแพรว พิมพ์โพธิ์', 'Ms.Praew Phimpho', '3729900051503', '1983-06-14', 'phimproud@gmail.com', '0895003584', '12/4', 'ปากแพรก', 'เมือง', 'กาญจนบุรี', '71000', '680004', 'นางสาวแพรว พิมพ์โพธิ์', '3729900051503', '12/4', 'ปากแพรก', 'เมือง', 'กาญจนบุรี', '71000', 1, 0, '2025-02-01 19:46:21', '2025-02-02 02:46:21'),
(29, 'SUCCESS', '', 31, 35, 0, 50, 'นายธเนษฐ อนันตเตชะภิรมย์', 'Mr.Thanet Anantatechaphirom', '3001200422931', '1979-12-07', 'ake.architecter@gmail.com', '0963282520', '15/80 ', 'สำโรงเหนือ', 'เมือง', 'สมุทรปราการ', '10120', '680005', 'นายธเนษฐ อนันตเตชะภิรมย์', '3001200422931', '15/80 ', 'สำโรงเหนือ', 'เมือง', 'สมุทรปราการ', '10120', 1, 0, '2025-02-01 19:56:31', '2025-02-02 02:56:31');

-- --------------------------------------------------------

--
-- Table structure for table `faculty`
--

CREATE TABLE `faculty` (
  `faculty_id` int(11) NOT NULL,
  `name_tha` varchar(180) NOT NULL,
  `name_eng` varchar(180) NOT NULL
) ENGINE=InnoDB DEFAULT CHARSET=utf8mb4 COLLATE=utf8mb4_general_ci;

--
-- Dumping data for table `faculty`
--

INSERT INTO `faculty` (`faculty_id`, `name_tha`, `name_eng`) VALUES
(1, 'คณะวิทยาศาสตร์และเทคโนโลยี', 'Faculty of Science and Technology'),
(2, 'คณะครุศาสตร์', 'Faculty of Education'),
(3, 'คณะมนุษยศาสตร์และสังคมศาสตร์', 'Faculty of Humanities and Social Sciences'),
(4, 'คณะวิทยาการจัดการ', 'Faculty of Management Sciences'),
(5, 'คณะพยาบาลศาสตร์', 'Faculty of Nursing');

-- --------------------------------------------------------

--
-- Table structure for table `lecturer`
--

CREATE TABLE `lecturer` (
  `lecturer_id` int(11) NOT NULL,
  `branch_id` int(11) NOT NULL,
  `firstname` varchar(200) NOT NULL,
  `lastname` varchar(200) NOT NULL,
  `fullname` varchar(401) NOT NULL,
  `is_internal` varchar(5) NOT NULL DEFAULT 'FALSE',
  `url` text NOT NULL,
  `image` varchar(100) NOT NULL,
  `modified` datetime NOT NULL DEFAULT current_timestamp()
) ENGINE=InnoDB DEFAULT CHARSET=utf8mb4 COLLATE=utf8mb4_general_ci;

--
-- Dumping data for table `lecturer`
--

INSERT INTO `lecturer` (`lecturer_id`, `branch_id`, `firstname`, `lastname`, `fullname`, `is_internal`, `url`, `image`, `modified`) VALUES
(2, 1, 'ผศ.กฤษฎา', 'เลิกชัยภูมิ', 'ผศ.กฤษฎา เลิกชัยภูมิ', 'TRUE', 'https://www.google.com', './assets/lecturer/images/1676803807_520c99a6431bfac80014.jpg', '2023-05-17 11:13:18'),
(3, 17, 'ผศ.ขนิษฐา', 'แซ่ลิ้ม', 'ผศ.ขนิษฐา แซ่ลิ้ม', 'TRUE', '', './assets/lecturer/images/1676804018_fecdb0cd61e4557463d5.jpg', '2023-05-17 11:13:18'),
(4, 8, 'ผศ.จสอ.ธานิล', 'ม่วงพูล', 'ผศ.จสอ.ธานิล ม่วงพูล', 'TRUE', '', './assets/lecturer/images/1676804111_8ebd9778772cc388ca48.jpg', '2023-05-17 11:13:18'),
(5, 23, 'ผศ.ดร.กัญจน์รัตน์', 'สุขรัตน์', 'ผศ.ดร.กัญจน์รัตน์ สุขรัตน์', 'TRUE', '', './assets/lecturer/images/1676804195_fc77d01486bfc88bb9bf.jpg', '2023-05-17 11:13:18'),
(6, 22, 'ผศ.ดร.กิตติพงษ์', 'เสียงเสนาะ', 'ผศ.ดร.กิตติพงษ์ เสียงเสนาะ', 'TRUE', '', './assets/lecturer/images/1676804261_e855c9662b80ff458a93.jpg', '2023-05-17 11:13:18'),
(7, 22, 'ผศ.ดร.กีรติ', 'เกิดศิริ', 'ผศ.ดร.กีรติ เกิดศิริ', 'TRUE', '', './assets/lecturer/images/1676804343_1fda2af6e096de8cf477.jpg', '2023-05-17 11:13:18'),
(8, 21, 'ผศ.ดร.จรินทร', 'อุ่มไกร', 'ผศ.ดร.จรินทร อุ่มไกร', 'TRUE', '', './assets/lecturer/images/1676804405_6f9b42de73bf289c2ee1.jpg', '2023-05-17 11:13:18'),
(9, 1, 'ผศ.ดร.ญาณิกา', 'วัชรเทวินทร์กุล', 'ผศ.ดร.ญาณิกา วัชรเทวินทร์กุล', 'TRUE', '', './assets/lecturer/images/1676804470_39ef277159d7e2eb2747.jpg', '2023-05-17 11:13:18'),
(10, 22, 'ผศ.ดร.ณรงค์ชัย', 'บุญโญปกรณ์', 'ผศ.ดร.ณรงค์ชัย บุญโญปกรณ์', 'TRUE', '', './assets/lecturer/images/1676804558_6bc606abc7d6b85f7af4.jpg', '2023-05-17 11:13:18'),
(11, 19, 'ผศ.ดร.ณวิชชา', 'อ่อนใจเอื้อ', 'ผศ.ดร.ณวิชชา อ่อนใจเอื้อ', 'TRUE', '', './assets/lecturer/images/1676804590_ada55703f1c727f30532.jpg', '2023-05-17 11:13:18'),
(12, 4, 'ผศ.ดร.ณัฐพัชญ์', 'ศรีราจันทร์', 'ผศ.ดร.ณัฐพัชญ์ ศรีราจันทร์', 'TRUE', '', './assets/lecturer/images/1676804722_1d8c21ad16085ba15a7f.jpg', '2023-05-17 11:13:18'),
(13, 24, 'ผศ.ดร.ทศพร', 'พิพัฒน์ภานุกูล', 'ผศ.ดร.ทศพร พิพัฒน์ภานุกูล', 'TRUE', '', './assets/lecturer/images/1676804749_bd0a472a3dd49ade97dd.jpg', '2023-05-17 11:13:18'),
(14, 23, 'ผศ.ดร.ธนัญญา', 'เสาวภาคย์', 'ผศ.ดร.ธนัญญา เสาวภาคย์', 'TRUE', '', './assets/lecturer/images/1676804803_9e3e261a8ed9d0d61d86.jpg', '2023-05-17 11:13:18'),
(15, 12, 'ผศ.ดร.ธวัชชัย', 'ทองเหลี่ยม', 'ผศ.ดร.ธวัชชัย ทองเหลี่ยม', 'TRUE', '', './assets/lecturer/images/1676804922_6ece4d2fc542073875b1.jpg', '2023-05-17 11:13:18'),
(16, 7, 'ผศ.ดร.ธัญนันทร์', 'สัจจะบริบูรณ์', 'ผศ.ดร.ธัญนันทร์ สัจจะบริบูรณ์', 'TRUE', '', './assets/lecturer/images/1676804981_c1a5f0c3b701c75a1ace.jpg', '2023-05-17 11:13:18'),
(17, 24, 'ผศ.ดร.ธีรารัตน์', 'แช่มชัยพร', 'ผศ.ดร.ธีรารัตน์ แช่มชัยพร', 'TRUE', '', './assets/lecturer/images/1676805079_a47b95b451ac24b3a789.jpg', '2023-05-17 11:13:18'),
(18, 21, 'ผศ.ดร.นพดล', 'ผู้มีจรรยา', 'ผศ.ดร.นพดล ผู้มีจรรยา', 'TRUE', '', './assets/lecturer/images/1676805139_cb26debe4824e90d2a96.jpg', '2023-05-17 11:13:18'),
(19, 17, 'ผศ.ดร.บพิตร', 'ไชยนอก', 'ผศ.ดร.บพิตร ไชยนอก', 'TRUE', '', './assets/lecturer/images/1676805235_30ae8ed62a0cc1c8dce3.jpg', '2023-05-17 11:13:18'),
(20, 25, 'ผศ.ดร.บุญธง', 'วสุริย์', 'ผศ.ดร.บุญธง วสุริย์', 'TRUE', '', './assets/lecturer/images/1676805320_b59ef843b479dd4efc13.jpg', '2023-05-17 11:13:18'),
(21, 22, 'ผศ.ดร.ปิยะชาติ', 'มีจิตรไพศาล', 'ผศ.ดร.ปิยะชาติ มีจิตรไพศาล', 'TRUE', '', './assets/lecturer/images/1676805365_dc5585be6826555a61d4.png', '2023-05-17 11:13:18'),
(22, 2, 'ผศ.ดร.พรพรรณ', 'อู่สุวรรณ', 'ผศ.ดร.พรพรรณ อู่สุวรรณ', 'TRUE', '', './assets/lecturer/images/1676805457_5a9d2c38ca872f3494eb.jpg', '2023-05-17 11:13:18'),
(23, 22, 'ผศ.ดร.พฤกษ์', 'โปร่งสำโรง', 'ผศ.ดร.พฤกษ์ โปร่งสำโรง', 'TRUE', '', './assets/lecturer/images/1676805494_4d6c995ec47fdf88ab51.jpg', '2023-05-17 11:13:18'),
(24, 2, 'ผศ.ดร.พิทักษ์พงศ์', 'ป้อมปราณี', 'ผศ.ดร.พิทักษ์พงศ์ ป้อมปราณี', 'TRUE', '', './assets/lecturer/images/1676805600_4afdec43d7144f211075.jpg', '2023-05-17 11:13:18'),
(25, 15, 'ผศ.ดร.พุฒิยา', 'รัตนศิริวัฒน์', 'ผศ.ดร.พุฒิยา รัตนศิริวัฒน์', 'TRUE', '', './assets/lecturer/images/1676805680_6e2c708dd4d9bf682873.jpg', '2023-05-17 11:13:18'),
(26, 13, 'ผศ.ดร.ภรัณยา', 'ปาลวิสุทธิ์', 'ผศ.ดร.ภรัณยา ปาลวิสุทธิ์', 'TRUE', '', './assets/lecturer/images/1676805757_8d51375a97dd95e91d78.jpg', '2023-05-17 11:13:18'),
(27, 21, 'ผศ.ดร.ภานุวัฒน์', 'ศรีไชยเลิศ', 'ผศ.ดร.ภานุวัฒน์ ศรีไชยเลิศ', 'TRUE', '', './assets/lecturer/images/1676805822_a5569056a23b2244a71d.jpg', '2023-05-17 11:13:18'),
(28, 3, 'ผศ.ดร.ภารณี', 'นิลกรณ์', 'ผศ.ดร.ภารณี นิลกรณ์', 'TRUE', '', './assets/lecturer/images/1676805894_f76339cb9cfda44c0228.jpg', '2023-05-17 11:13:18'),
(29, 22, 'ผศ.ดร.ยศกิต', 'เรืองทวีป', 'ผศ.ดร.ยศกิต เรืองทวีป', 'TRUE', '', './assets/lecturer/images/1676806094_dc29496b4e51ccadfbee.jpg', '2023-05-17 11:13:18'),
(30, 23, 'ผศ.ดร.รุ่งทิวา', 'ชิดทอง', 'ผศ.ดร.รุ่งทิวา ชิดทอง', 'TRUE', '', './assets/lecturer/images/1676806153_2f2d3712d5f46c968990.jpg', '2023-05-17 11:13:18'),
(31, 12, 'ผศ.ดร.วทัญญู', 'มีศรีสุข', 'ผศ.ดร.วทัญญู มีศรีสุข', 'TRUE', '', './assets/lecturer/images/1676806189_8808f536202216114cad.jpg', '2023-05-17 11:13:18'),
(32, 19, 'ผศ.ดร.วรินทร์', 'ศรีปัญญา', 'ผศ.ดร.วรินทร์ ศรีปัญญา', 'TRUE', '', './assets/lecturer/images/1676806226_4fa3a99eb851e02f5198.jpg', '2023-05-17 11:13:18'),
(33, 9, 'ผศ.ดร.วัชระ', 'จันทร์อนันต์', 'ผศ.ดร.วัชระ จันทร์อนันต์', 'TRUE', '', './assets/lecturer/images/1676806317_2db44d62955c818c4fd4.jpg', '2023-05-17 11:13:18'),
(34, 19, 'ผศ.ดร.วันเพ็ญ', 'จันทรังษี', 'ผศ.ดร.วันเพ็ญ จันทรังษี', 'TRUE', '', './assets/lecturer/images/1676806349_47550b8ec125eb7ef411.jpg', '2023-05-17 11:13:18'),
(35, 15, 'ผศ.ดร.วันเพ็ญ', 'แสงทองพินิจ', 'ผศ.ดร.วันเพ็ญ แสงทองพินิจ', 'TRUE', '', './assets/lecturer/images/1676806408_812d877e584f6c1744a2.jpg', '2023-05-17 11:13:18'),
(36, 21, 'ผศ.ดร.วินัย', 'เพ็งภิญโญ', 'ผศ.ดร.วินัย เพ็งภิญโญ', 'TRUE', '', './assets/lecturer/images/1676806481_49c56a039f9143c2de23.jpg', '2023-05-17 11:13:18'),
(37, 22, 'ผศ.ดร.วุฒิชัย', 'ไชยภักษา', 'ผศ.ดร.วุฒิชัย ไชยภักษา', 'TRUE', '', './assets/lecturer/images/1676806568_206bd346a232b4d969d5.jpg', '2023-05-17 11:13:18'),
(38, 7, 'ผศ.ดร.ศัลยพงศ์', 'วิชัยดิษฐ', 'ผศ.ดร.ศัลยพงศ์ วิชัยดิษฐ', 'TRUE', '', './assets/lecturer/images/1676806622_b44880ab956da8acd1a4.jpg', '2023-05-17 11:13:18'),
(39, 13, 'ผศ.ดร.สุพจน์', 'เฮงพระพรหม', 'ผศ.ดร.สุพจน์ เฮงพระพรหม', 'TRUE', '', './assets/lecturer/images/1676806650_c0bf465e4917714d5d2b.png', '2023-05-17 11:13:18'),
(40, 21, 'ผศ.ดร.สุมาลี', 'สุนทรา', 'ผศ.ดร.สุมาลี สุนทรา', 'TRUE', '', './assets/lecturer/images/1676806723_3060dcd3310567fbd71b.jpg', '2023-05-17 11:13:18'),
(41, 13, 'ผศ.ดร.สุวิมล', 'มรรควิบูลย์ชัย', 'ผศ.ดร.สุวิมล มรรควิบูลย์ชัย', 'TRUE', '', './assets/lecturer/images/1676806788_ddad94ed1d3fcd6b2359.png', '2023-05-17 11:13:18'),
(42, 22, 'ผศ.ดร.อกนิษฐ์', 'ศรีภูธร', 'ผศ.ดร.อกนิษฐ์ ศรีภูธร', 'TRUE', '', './assets/lecturer/images/1676806854_6453accddab7bcb8907a.jpg', '2023-05-17 11:13:18'),
(43, 23, 'ผศ.ดร.อดิศักดิ์', 'จตุรพิรีย์', 'ผศ.ดร.อดิศักดิ์ จตุรพิรีย์', 'TRUE', '', './assets/lecturer/images/1676806891_4ee164228b41785cb157.jpg', '2023-05-17 11:13:18'),
(44, 17, 'ผศ.ดร.อรรถพล', 'พลานนท์', 'ผศ.ดร.อรรถพล พลานนท์', 'TRUE', '', './assets/lecturer/images/1676806984_d942d121bc40fb576c1d.jpg', '2023-05-17 11:13:18'),
(45, 23, 'ผศ.ดร.อรุณรัตน์', 'สัณฐิติวินสกุล', 'ผศ.ดร.อรุณรัตน์ สัณฐิติวินสกุล', 'TRUE', '', './assets/lecturer/images/1676807049_410a4b31cc9f3564dadf.jpg', '2023-05-17 11:13:18'),
(46, 12, 'ผศ.ดร.อานนท์', 'อิศรมงคลรักษ์', 'ผศ.ดร.อานนท์ อิศรมงคลรักษ์', 'TRUE', '', './assets/lecturer/images/1676807073_308a795b5a5bd5661204.jpg', '2023-05-17 11:13:18'),
(47, 4, 'ผศ.ดร.อุบลรัตน์', 'ศิริสุขโภคา', 'ผศ.ดร.อุบลรัตน์ ศิริสุขโภคา', 'TRUE', '', './assets/lecturer/images/1676807143_38a42bcfa4d2332954aa.jpg', '2023-05-17 11:13:18'),
(48, 15, 'ผศ.ดร.อุมาพร', 'อาลัย', 'ผศ.ดร.อุมาพร อาลัย', 'TRUE', '', './assets/lecturer/images/1676807200_e3988f398edda14b1787.jpg', '2023-05-17 11:13:18'),
(49, 14, 'ผศ.ดร.อุษณีย์', 'ภักดีตระกูลวงศ์', 'ผศ.ดร.อุษณีย์ ภักดีตระกูลวงศ์', 'TRUE', '', './assets/lecturer/images/1676807222_3b846eb08893112703a4.jpg', '2023-05-17 11:13:18'),
(50, 21, 'ผศ.ดร.อุไรวรรณ', 'ศรีไชยเลิศ', 'ผศ.ดร.อุไรวรรณ ศรีไชยเลิศ', 'TRUE', '', './assets/lecturer/images/1676807288_6d1af785110acc810005.jpg', '2023-05-17 11:13:18'),
(51, 8, 'ผศ.ดร.เกล้ากัลยา', 'ศิลาจันทร์', 'ผศ.ดร.เกล้ากัลยา ศิลาจันทร์', 'TRUE', '', './assets/lecturer/images/1676807435_fa8054a38dae0d7d476d.jpg', '2023-05-17 11:13:18'),
(52, 19, 'ผศ.ดร.เกียรติยศ', 'เจือกโว้น', 'ผศ.ดร.เกียรติยศ เจือกโว้น', 'TRUE', '', './assets/lecturer/images/1676807465_246c1a2a3764d0ab026a.jpg', '2023-05-17 11:13:18'),
(53, 12, 'ผศ.ดร.เจษฎา', 'สาททอง', 'ผศ.ดร.เจษฎา สาททอง', 'TRUE', '', './assets/lecturer/images/1676807516_d6c5f96a9a330a7858f2.jpg', '2023-05-17 11:13:18'),
(54, 12, 'ผศ.ดร.เฉลิมชนม์', 'ตั้งวชิรพันธุ์', 'ผศ.ดร.เฉลิมชนม์ ตั้งวชิรพันธุ์', 'TRUE', '', './assets/lecturer/images/1676807570_a0cce266902c53f20f82.jpg', '2023-05-17 11:13:18'),
(55, 24, 'ผศ.ดร.เมธานี', 'หอมทอง', 'ผศ.ดร.เมธานี หอมทอง', 'TRUE', '', './assets/lecturer/images/1676807607_fb093f9394d7ed9a8e1a.jpg', '2023-05-17 11:13:18'),
(56, 2, 'ผศ.ดร.เสาวณี', 'คงศรี', 'ผศ.ดร.เสาวณี คงศรี', 'TRUE', '', './assets/lecturer/images/1676807647_1b1fd1521833b8957387.jpg', '2023-05-17 11:13:18'),
(57, 12, 'ผศ.ดร.โสภาพรรณ', 'สุวรรณสว่าง', 'ผศ.ดร.โสภาพรรณ สุวรรณสว่าง', 'TRUE', '', './assets/lecturer/images/1676807674_6be0fa4bb8c75588d157.jpg', '2023-05-17 11:13:18'),
(58, 21, 'ผศ.ดร.ไกยสิทธิ์', 'อภิระติง', 'ผศ.ดร.ไกยสิทธิ์ อภิระติง', 'TRUE', '', './assets/lecturer/images/1676807724_b7aa1150395c405eef8b.jpg', '2023-05-17 11:13:18'),
(59, 13, 'ผศ.ดร.ไก้รุ่ง', 'เฮงพระพรหม', 'ผศ.ดร.ไก้รุ่ง เฮงพระพรหม', 'TRUE', '', './assets/lecturer/images/1676807770_dac4ce55777f604db7b1.jpg', '2023-05-17 11:13:18'),
(60, 4, 'ผศ.ดร.ไพศาล', 'สิมาเลาเต่า', 'ผศ.ดร.ไพศาล สิมาเลาเต่า', 'TRUE', '', './assets/lecturer/images/1676807829_1373d7e8509ac295cd4b.jpg', '2023-05-17 11:13:18'),
(61, 19, 'ผศ.ธีระศักดิ์', 'ธรรมบำรุง', 'ผศ.ธีระศักดิ์ ธรรมบำรุง', 'TRUE', '', './assets/lecturer/images/1676807863_2475266925686209fbe3.jpg', '2023-05-17 11:13:18'),
(62, 4, 'ผศ.นันทิยา', 'หลิมศิโรรัตน์', 'ผศ.นันทิยา หลิมศิโรรัตน์', 'TRUE', '', './assets/lecturer/images/1676807939_d9f311c4ee5f57ebd0c0.jpg', '2023-05-17 11:13:18'),
(63, 12, 'ผศ.บัญชา', 'หิรัญสิงห์', 'ผศ.บัญชา หิรัญสิงห์', 'TRUE', '', './assets/lecturer/images/1676807991_60316bfd1cf8d9dc57b5.jpg', '2023-05-17 11:13:18'),
(64, 9, 'ผศ.บัญญัติ', 'วารินทร์ใหล', 'ผศ.บัญญัติ วารินทร์ใหล', 'TRUE', '', './assets/lecturer/images/1676808079_6b7f227766a242c46221.jpg', '2023-05-17 11:13:18'),
(65, 19, 'ผศ.บุญชะนะ', 'วาราชะนนท์', 'ผศ.บุญชะนะ วาราชะนนท์', 'TRUE', '', './assets/lecturer/images/1676808107_88c2994644b546ce9d5c.jpg', '2023-05-17 11:13:18'),
(66, 15, 'ผศ.ประภาพรรณ', 'เพียรชอบ', 'ผศ.ประภาพรรณ เพียรชอบ', 'TRUE', '', './assets/lecturer/images/1676808140_bdcb086449a953df1b4f.jpg', '2023-05-17 11:13:18'),
(67, 15, 'ผศ.ผาณิต', 'งามสัมฤทธิ์', 'ผศ.ผาณิต งามสัมฤทธิ์', 'TRUE', '', './assets/lecturer/images/1676808173_f1fe426271a1f7958b26.jpg', '2023-05-17 11:13:18'),
(68, 8, 'ผศ.มงคล', 'รอดจันทร์', 'ผศ.มงคล รอดจันทร์', 'TRUE', '', './assets/lecturer/images/1676808225_2d1b0ad2a1b851cd99c6.jpg', '2023-05-17 11:13:18'),
(69, 16, 'ผศ.รพีพร', 'ชัยชนะ', 'ผศ.รพีพร ชัยชนะ', 'TRUE', '', './assets/lecturer/images/1676808255_550dfd6f9669827a7508.jpg', '2023-05-17 11:13:18'),
(70, 1, 'ผศ.วาสนา', 'เนียมแสวง', 'ผศ.วาสนา เนียมแสวง', 'TRUE', '', './assets/lecturer/images/1676808340_91a70ba2416ab611a0f6.jpg', '2023-05-17 11:13:18'),
(71, 9, 'ผศ.วิศวินทร์', 'อัครปัญญาธร', 'ผศ.วิศวินทร์ อัครปัญญาธร', 'TRUE', '', './assets/lecturer/images/1676808419_6199305f6d2c7ca7ba4d.jpg', '2023-05-17 11:13:18'),
(72, 12, 'ผศ.วิโรจน์', 'บัวงาม', 'ผศ.วิโรจน์ บัวงาม', 'TRUE', '', './assets/lecturer/images/1676808444_9e0f1c022884f83e479a.jpg', '2023-05-17 11:13:18'),
(73, 19, 'ผศ.ศิริชัย', 'โสภา', 'ผศ.ศิริชัย โสภา', 'TRUE', '', './assets/lecturer/images/1676808469_c2e6bac57b2ee9555117.jpg', '2023-05-17 11:13:18'),
(74, 14, 'ผศ.สมเกียรติ', 'ช่อเหมือน', 'ผศ.สมเกียรติ ช่อเหมือน', 'TRUE', '', './assets/lecturer/images/1676808527_1e67d8215ff780feba89.jpg', '2023-05-17 11:13:18'),
(75, 14, 'ผศ.สุธารัตน์', 'ชาวนาฟาง', 'ผศ.สุธารัตน์ ชาวนาฟาง', 'TRUE', '', './assets/lecturer/images/1676808548_17df1fe0916253322e85.jpg', '2023-05-17 11:13:18'),
(76, 12, 'ผศ.หฤทัย', 'ดิ้นสกุล', 'ผศ.หฤทัย ดิ้นสกุล', 'TRUE', '', './assets/lecturer/images/1676808616_ba560c4fec618f78239c.jpg', '2023-05-17 11:13:18'),
(77, 12, 'ผศ.อดิศร', 'แก้วภักดี', 'ผศ.อดิศร แก้วภักดี', 'TRUE', '', './assets/lecturer/images/1676808678_21aee11accf9c29596c3.jpg', '2023-05-17 11:13:18'),
(78, 13, 'ผศ.อภินันท์', 'จุ่นกรณ์', 'ผศ.อภินันท์ จุ่นกรณ์', 'TRUE', '', './assets/lecturer/images/1676808706_c5b570b753636bab7443.png', '2023-05-17 11:13:18'),
(79, 8, 'ผศ.อวยไชย', 'อินทรสมบัติ', 'ผศ.อวยไชย อินทรสมบัติ', 'TRUE', '', './assets/lecturer/images/1676808935_09e80f1228cafc4f1f6e.jpg', '2023-05-17 11:13:18'),
(80, 19, 'ผศ.อารีย์', 'วรเตชะคงคา', 'ผศ.อารีย์ วรเตชะคงคา', 'TRUE', '', './assets/lecturer/images/1676808968_165c075b2541b19c6623.jpg', '2023-05-17 11:13:18'),
(81, 7, 'ผศ.อารีรัตน์', 'แก้วประดิษฐ์', 'ผศ.อารีรัตน์ แก้วประดิษฐ์', 'TRUE', '', './assets/lecturer/images/1676808993_1d83a45f2dd49f0c45c6.png', '2023-05-17 11:13:18'),
(82, 9, 'ผศ.เอกนรา', 'จันดา', 'ผศ.เอกนรา จันดา', 'TRUE', '', './assets/lecturer/images/1676809068_50866e8c5de36bd8b393.jpg', '2023-05-17 11:13:18'),
(83, 22, 'รศ.ดร.กิติพันธ์', 'บุญอินทร์', 'รศ.ดร.กิติพันธ์ บุญอินทร์', 'TRUE', '', './assets/lecturer/images/1676809120_e3cf7023f15905778748.jpg', '2023-05-17 11:13:18'),
(84, 22, 'รศ.ดร.จักรพงษ์', 'แก้วขาว', 'รศ.ดร.จักรพงษ์ แก้วขาว', 'TRUE', '', './assets/lecturer/images/1676809188_f1e922ee8595956db8a9.jpg', '2023-05-17 11:13:18'),
(85, 22, 'รศ.ดร.ณัฐกฤตา', 'จันทิมา', 'รศ.ดร.ณัฐกฤตา จันทิมา', 'TRUE', '', './assets/lecturer/images/1676809279_4965fed36241c220e1d0.jpg', '2023-05-17 11:13:18'),
(86, 22, 'รศ.ดร.ณัฐพล', 'ศรีสิทธิโภคกุล', 'รศ.ดร.ณัฐพล ศรีสิทธิโภคกุล', 'TRUE', '', './assets/lecturer/images/1676809296_63f9494730b5963ec674.png', '2023-05-17 11:13:18'),
(87, 12, 'รศ.ดร.นิฏฐิตา', 'เชิดชู', 'รศ.ดร.นิฏฐิตา เชิดชู', 'TRUE', '', './assets/lecturer/images/1676809329_f02129776f6b60dca6a7.jpg', '2023-05-17 11:13:18'),
(88, 2, 'รศ.ดร.นิตยา', 'จันกา', 'รศ.ดร.นิตยา จันกา', 'TRUE', '', './assets/lecturer/images/1676809379_3e4438721094d196d26d.jpg', '2023-05-17 11:13:18'),
(89, 16, 'รศ.ดร.พงษ์นาถ', 'นาถวรานันต์', 'รศ.ดร.พงษ์นาถ นาถวรานันต์', 'TRUE', '', './assets/lecturer/images/1676809403_bf82e6588fbb253d1640.png', '2023-05-17 11:13:18'),
(90, 22, 'รศ.ดร.ภัทรวจี', 'ยะสะกะ', 'รศ.ดร.ภัทรวจี ยะสะกะ', 'TRUE', '', './assets/lecturer/images/1676809467_5136cfee463a1c15d130.jpg', '2023-05-17 11:13:18'),
(91, 19, 'รศ.ดร.วิฑูรย์', 'พึ่งรัตนา', 'รศ.ดร.วิฑูรย์ พึ่งรัตนา', 'TRUE', '', './assets/lecturer/images/1676809501_88f85a76a6a457121b2e.jpg', '2023-05-17 11:13:18'),
(92, 22, 'รศ.ดร.ศุภรัตน์', 'ทัศน์เจริญ', 'รศ.ดร.ศุภรัตน์ ทัศน์เจริญ', 'TRUE', '', './assets/lecturer/images/1676809554_b020e3a81daa30756869.jpg', '2023-05-17 11:13:18'),
(93, 12, 'รศ.ดร.สัญญา', 'ควรคิด', 'รศ.ดร.สัญญา ควรคิด', 'TRUE', '', './assets/lecturer/images/1676809588_297aed2758b257b2d5f3.jpg', '2023-05-17 11:13:18'),
(94, 12, 'รศ.ดร.สันติ', 'กูลการขาย', 'รศ.ดร.สันติ กูลการขาย', 'TRUE', '', './assets/lecturer/images/1676809652_df88644996a1450a24ff.jpg', '2023-05-17 11:13:18'),
(95, 23, 'รศ.ดร.สุวิมล', 'นวลพระลักษณ์', 'รศ.ดร.สุวิมล นวลพระลักษณ์', 'TRUE', '', './assets/lecturer/images/1676809701_684760366de0bc92db96.jpg', '2023-05-17 11:13:18'),
(96, 23, 'รศ.ดร.เอกราชันย์', 'ไชยชนะ', 'รศ.ดร.เอกราชันย์ ไชยชนะ', 'TRUE', '', './assets/lecturer/images/1676809739_64ce6e20410278b391f9.jpg', '2023-05-17 11:13:18'),
(97, 17, 'รศ.วีระศักดิ์', 'ชื่นตา', 'รศ.วีระศักดิ์ ชื่นตา', 'TRUE', '', './assets/lecturer/images/1676809810_549659968a32e0bf348b.jpg', '2023-05-17 11:13:18'),
(98, 12, 'ศ.ดร.ปิยะ', 'โควินท์ทวีวัฒน์', 'ศ.ดร.ปิยะ โควินท์ทวีวัฒน์', 'TRUE', '', './assets/lecturer/images/1676809867_41f229becccc5791d333.jpg', '2023-05-17 11:13:18'),
(99, 2, 'อาจาย์ศุภสุตา​', 'การูจี', 'อาจาย์ศุภสุตา​ การูจี', 'TRUE', '', './assets/lecturer/images/1676809887_e269f138cf61e6d9621c.jpg', '2023-05-17 11:13:18'),
(100, 1, 'ดร.กัญญา', 'สอนสนิท', 'ดร.กัญญา สอนสนิท', 'TRUE', '', './assets/lecturer/images/1676809940_a27a69c13b9efb1fb29c.jpg', '2023-05-17 11:13:18'),
(101, 23, 'ดร.จันจิรา', 'จรามรบูรพงศ์', 'ดร.จันจิรา จรามรบูรพงศ์', 'TRUE', '', './assets/lecturer/images/1676809959_60adb861e0bca0814dee.jpg', '2023-05-17 11:13:18'),
(102, 19, 'ดร.ชลิดา', 'ตระกูลสุนทร', 'ดร.ชลิดา ตระกูลสุนทร', 'TRUE', '', './assets/lecturer/images/1676810054_724edcbcf0481cd85dd1.jpg', '2023-05-17 11:13:18'),
(103, 25, 'ดร.ชูเกียรติ', 'โชติกเสถียร', 'ดร.ชูเกียรติ โชติกเสถียร', 'TRUE', '', './assets/lecturer/images/1676810096_796a08d37e410d45e6b8.png', '2023-05-17 11:13:18'),
(104, 9, 'ดร.ดวงนภา', 'วานิชสรรพ์', 'ดร.ดวงนภา วานิชสรรพ์', 'TRUE', '', './assets/lecturer/images/1676810186_f1fce96589ec2e6463e5.jpg', '2023-05-17 11:13:18'),
(105, 23, 'ดร.ธันยนันท์', 'ศรีพันธ์ลม', 'ดร.ธันยนันท์ ศรีพันธ์ลม', 'TRUE', '', './assets/lecturer/images/1676810232_457e7d6546515ba301c0.jpg', '2023-05-17 11:13:18'),
(106, 22, 'ดร.นวลทิพย์', 'วันทนะ', 'ดร.นวลทิพย์ วันทนะ', 'TRUE', '', './assets/lecturer/images/1676810248_064e7e22b729c1a329e1.jpg', '2023-05-17 11:13:18'),
(107, 21, 'ดร.ปถมาภรณ์', 'ไทยโพธิ์ศรี', 'ดร.ปถมาภรณ์ ไทยโพธิ์ศรี', 'TRUE', '', './assets/lecturer/images/1676810319_ac870888380051ab90b0.jpg', '2023-05-17 11:13:18'),
(108, 6, 'ดร.ปริพัส', 'ศรีสมบูรณ์', 'ดร.ปริพัส ศรีสมบูรณ์', 'TRUE', '', './assets/lecturer/images/1676810352_113f4e353d62545e0846.jpg', '2023-05-17 11:13:18'),
(109, 8, 'ดร.ปิติพล', 'พลพบู', 'ดร.ปิติพล พลพบู', 'TRUE', '', './assets/lecturer/images/1676810375_d06adf529955cb44a5d1.jpg', '2023-05-17 11:13:18'),
(110, 10, 'ดร.ปิยวรรณ', 'ธรรมบำรุง', 'ดร.ปิยวรรณ ธรรมบำรุง', 'TRUE', '', './assets/lecturer/images/1676810418_8d80ff36d1c080c3f92b.jpg', '2023-05-17 11:13:18'),
(111, 11, 'ดร.พรภิไล', 'ถนอมสงัด', 'ดร.พรภิไล ถนอมสงัด', 'TRUE', '', './assets/lecturer/images/1676810464_9ead6efa0a56382e9482.jpg', '2023-05-17 11:13:18'),
(112, 21, 'ดร.มนัสนิต', 'ใจดี', 'ดร.มนัสนิต ใจดี', 'TRUE', '', './assets/lecturer/images/1676810534_dca28e0b6445186dc158.jpg', '2023-05-17 11:13:18'),
(113, 1, 'ดร.วนัชพร', 'บุญธรรม', 'ดร.วนัชพร บุญธรรม', 'TRUE', '', './assets/lecturer/images/1676810562_731e482ff47d8894fd15.jpg', '2023-05-17 11:13:18'),
(114, 25, 'ดร.วริยา', 'เย็นเปิง', 'ดร.วริยา เย็นเปิง', 'TRUE', '', './assets/lecturer/images/1676810588_7bb06ec74207739e1c69.png', '2023-05-17 11:13:18'),
(115, 14, 'ดร.วรเชษฐ์', 'อุทธา', 'ดร.วรเชษฐ์ อุทธา', 'TRUE', '', './assets/lecturer/images/1676810605_305e17b6de7c8929e8fa.jpg', '2023-05-17 11:13:18'),
(116, 22, 'ดร.วัชรินทร์', 'ราชนิยม', 'ดร.วัชรินทร์ ราชนิยม', 'TRUE', '', './assets/lecturer/images/1676810621_2ba422b8bbe72f6a81cb.jpg', '2023-05-17 11:13:18'),
(117, 24, 'ดร.วันเพ็ญ', 'คำเทศ', 'ดร.วันเพ็ญ คำเทศ', 'TRUE', '', './assets/lecturer/images/1676810642_825833d05c8010c3f171.jpg', '2023-05-17 11:13:18'),
(118, 21, 'ดร.วิมาน', 'ใจดี', 'ดร.วิมาน ใจดี', 'TRUE', '', './assets/lecturer/images/1676810693_d1a763b94f7cfa3ab4cb.jpg', '2023-05-17 11:13:18'),
(119, 16, 'ดร.ศุภมาศ', 'ปั้นปัญญา', 'ดร.ศุภมาศ ปั้นปัญญา', 'TRUE', '', './assets/lecturer/images/1676810711_882064538398c6a97432.png', '2023-05-17 11:13:18'),
(120, 6, 'ดร.สมจินต์', 'จันทรเจษฎากร', 'ดร.สมจินต์ จันทรเจษฎากร', 'TRUE', '', './assets/lecturer/images/1676810743_580695d836d9de7ade8d.jpg', '2023-05-17 11:13:18'),
(121, 23, 'ดร.สรวีย์', 'ศิริพิลา', 'ดร.สรวีย์ ศิริพิลา', 'TRUE', '', './assets/lecturer/images/1676810765_e0537c4e9cf47c098b20.jpg', '2023-05-17 11:13:18'),
(122, 3, 'ดร.อุกฤษฏ์', 'อำไพพันธุ์', 'ดร.อุกฤษฏ์ อำไพพันธุ์', 'TRUE', '', './assets/lecturer/images/1676810824_a1625dc52bdb9f7e043d.jpg', '2023-05-17 11:13:18'),
(123, 16, 'ดร.เกรียงไกร', 'มีถาวร', 'ดร.เกรียงไกร มีถาวร', 'TRUE', '', './assets/lecturer/images/1676810843_54ef510dcf6a3b7bff79.jpg', '2023-05-17 11:13:18'),
(124, 17, 'ดร.เกษรินทร์', 'ชาวเกวียน', 'ดร.เกษรินทร์ ชาวเกวียน', 'TRUE', '', './assets/lecturer/images/1676810931_8f88dad5ad81fbddd6e7.jpg', '2023-05-17 11:13:18'),
(125, 1, 'ดร.เมธิญา', 'กลกิจ', 'ดร.เมธิญา กลกิจ', 'TRUE', '', './assets/lecturer/images/1676810963_3d1752baa353eac2c023.jpg', '2023-05-17 11:13:18'),
(126, 22, 'อาจารย์กัลยาภัสร์', 'จารุปรีดีพัทธ์', 'อาจารย์กัลยาภัสร์ จารุปรีดีพัทธ์', 'TRUE', '', './assets/lecturer/images/1676811023_2164ef9d4c02ea22e71f.jpg', '2023-05-17 11:13:18'),
(127, 7, 'อาจารย์กุลยา', 'เจริญมงคลวิไล', 'อาจารย์กุลยา เจริญมงคลวิไล', 'TRUE', '', './assets/lecturer/images/1676811051_c0241ea64b61daedf200.jpg', '2023-05-17 11:13:18'),
(128, 25, 'อาจารย์จุฑาศินี', 'พรพุทธศรี', 'อาจารย์จุฑาศินี พรพุทธศรี', 'TRUE', '', './assets/lecturer/images/1676811096_9cf7f885d8c6069faa9b.jpg', '2023-05-17 11:13:18'),
(129, 3, 'อาจารย์ชาญวุฒิ', 'สว่างศรี', 'อาจารย์ชาญวุฒิ สว่างศรี', 'TRUE', '', './assets/lecturer/images/1676811128_2a5d4880419d30d872e1.jpg', '2023-05-17 11:13:18'),
(130, 3, 'อาจารย์ชิราวุธ', 'ปุญณวิช', 'อาจารย์ชิราวุธ ปุญณวิช', 'TRUE', '', './assets/lecturer/images/1676811193_4763dc6b37fbb39812b8.jpeg', '2023-05-17 11:13:18'),
(131, 9, 'อาจารย์ฐาฤทธิ์', 'ส่งแสง', 'อาจารย์ฐาฤทธิ์ ส่งแสง', 'TRUE', '', './assets/lecturer/images/1676811213_c64eac770268c920d2a6.jpg', '2023-05-17 11:13:18'),
(132, 16, 'อาจารย์ณฤดล', 'ผอูนรัตน์', 'อาจารย์ณฤดล ผอูนรัตน์', 'TRUE', '', './assets/lecturer/images/1676811232_3776fba3d6ffbfdc78af.jpg', '2023-05-17 11:13:18'),
(133, 10, 'อาจารย์ดวงกมล', 'แสงธีรกิจ', 'อาจารย์ดวงกมล แสงธีรกิจ', 'TRUE', '', './assets/lecturer/images/1676811273_9bf442ac64f080bd9e70.jpg', '2023-05-17 11:13:18'),
(134, 11, 'อาจารย์ดวงรัตน์', 'เสือขำ', 'อาจารย์ดวงรัตน์ เสือขำ', 'TRUE', '', './assets/lecturer/images/1676811311_b89c540e631b056b0623.jpg', '2023-05-17 11:13:18'),
(135, 14, 'ผศ.นฤพล', 'สุวรรณวิจิตร', 'ผศ.นฤพล สุวรรณวิจิตร', 'TRUE', '', './assets/lecturer/images/1712732350_2befd7543517fe4bacc6.jpg', '2023-05-17 11:13:18'),
(136, 11, 'อาจารย์นันทิดา', 'โหวดมงคล', 'อาจารย์นันทิดา โหวดมงคล', 'TRUE', '', './assets/lecturer/images/1676811351_5ec68f794d8ba41b2c56.jpg', '2023-05-17 11:13:18'),
(137, 21, 'อาจารย์พงษ์ดนัย', 'จิตตวิสุทธิกุล', 'อาจารย์พงษ์ดนัย จิตตวิสุทธิกุล', 'TRUE', '', './assets/lecturer/images/1676811401_26b3899bcfe8553cfae6.jpg', '2023-05-17 11:13:18'),
(138, 6, 'อาจารย์พิชยา', 'สุขปลั่ง', 'อาจารย์พิชยา สุขปลั่ง', 'TRUE', '', './assets/lecturer/images/1676811426_e1948c0ce4273479a022.jpg', '2023-05-17 11:13:18'),
(139, 11, 'อาจารย์มนัส', 'รงทอง', 'อาจารย์มนัส รงทอง', 'TRUE', '', './assets/lecturer/images/1676811447_bbcd1e246a443087e653.png', '2023-05-17 11:13:18'),
(140, 4, 'อาจารย์รุจิราวดี', 'ธรรมแสง', 'อาจารย์รุจิราวดี ธรรมแสง', 'TRUE', '', './assets/lecturer/images/1676811489_cfe6972f427fa2e29679.jpg', '2023-05-17 11:13:18'),
(141, 3, 'อาจารย์วจินี', 'อารีรอบ', 'อาจารย์วจินี อารีรอบ', 'TRUE', '', './assets/lecturer/images/1676811524_a5a1dbe5306cb3bfc97f.jpg', '2023-05-17 11:13:18'),
(142, 10, 'อาจารย์วรารัตน์', 'สานนท์', 'อาจารย์วรารัตน์ สานนท์', 'TRUE', '', './assets/lecturer/images/1676811554_d5a491e391fec39897a3.jpg', '2023-05-17 11:13:18'),
(143, 3, 'อาจารย์วาริศา', 'เพชรธีรานนท์', 'อาจารย์วาริศา เพชรธีรานนท์', 'TRUE', '', './assets/lecturer/images/1676811593_3269bb27e8671f8d6873.jpg', '2023-05-17 11:13:18'),
(144, 17, 'อาจารย์วิศวะ', 'สื่อสุวรรณ', 'อาจารย์วิศวะ สื่อสุวรรณ', 'TRUE', '', './assets/lecturer/images/1676811665_6cd6f867a723c6c914a7.jpg', '2023-05-17 11:13:18'),
(145, 10, 'อาจารย์ศรัณยา', 'จังโส', 'อาจารย์ศรัณยา จังโส', 'TRUE', '', './assets/lecturer/images/1676811705_cf07fa4b4e93acf0f7ce.jpg', '2023-05-17 11:13:18'),
(146, 6, 'อาจารย์ศุภกฤษ', 'นาคป้อมฉิน', 'อาจารย์ศุภกฤษ นาคป้อมฉิน', 'TRUE', '', './assets/lecturer/images/1676811743_a7ad9bcad1ab0b796dea.jpg', '2023-05-17 11:13:18'),
(147, 12, 'อาจารย์สมบัติ', 'หทัยรัตนานนท์', 'อาจารย์สมบัติ หทัยรัตนานนท์', 'TRUE', '', './assets/lecturer/images/1676811805_970c0b7dffdcb145ab00.jpg', '2023-05-17 11:13:18'),
(148, 6, 'อาจารย์สุขสวัสดิ์', 'แซ่ลิ่ม', 'อาจารย์สุขสวัสดิ์ แซ่ลิ่ม', 'TRUE', '', './assets/lecturer/images/1676811844_9faaec5b1cc8b248f1b8.jpg', '2023-05-17 11:13:18'),
(149, 7, 'อาจารย์สุชารัตน์', 'จันทาพูนธยาน์', 'อาจารย์สุชารัตน์ จันทาพูนธยาน์', 'TRUE', '', './assets/lecturer/images/1676811884_1f527c0d4d11431d1be4.jpg', '2023-05-17 11:13:18'),
(150, 14, 'อาจารย์สุพิชฌาย์', 'จันทร์เรือง', 'อาจารย์สุพิชฌาย์ จันทร์เรือง', 'TRUE', '', './assets/lecturer/images/1676811931_abb0216c0b79fb3bf6d8.jpg', '2023-05-17 11:13:18'),
(151, 19, 'อาจารย์สุภารัตน์', 'ถิรนันทนากร', 'อาจารย์สุภารัตน์ ถิรนันทนากร', 'TRUE', '', './assets/lecturer/images/1676811955_e30c9367a5876f96bc86.jpg', '2023-05-17 11:13:18'),
(152, 24, 'อาจารย์อนัญญา', 'ทองสิมา', 'อาจารย์อนัญญา ทองสิมา', 'TRUE', '', './assets/lecturer/images/1676811983_c3e9ff51f07c0fed542e.jpg', '2023-05-17 11:13:18'),
(153, 19, 'อาจารย์อัมรินทร์', 'อภิรักษ์มาศ', 'อาจารย์อัมรินทร์ อภิรักษ์มาศ', 'TRUE', '', './assets/lecturer/images/1676812003_6d9d2b4acd088908ff78.jpg', '2023-05-17 11:13:18'),
(154, 9, 'อาจารย์อุมาพร', 'ปฏิพันธ์ภูมิสกุล', 'อาจารย์อุมาพร ปฏิพันธ์ภูมิสกุล', 'TRUE', '', './assets/lecturer/images/1676812088_609b9facd9eb84e78b4c.jpg', '2023-05-17 11:13:18'),
(155, 15, 'อาจารย์อุษา', 'พันฤทธิ์ดำ', 'อาจารย์อุษา พันฤทธิ์ดำ', 'TRUE', '', './assets/lecturer/images/1676812129_ad3d208bae11e3f56ead.jpg', '2023-05-17 11:13:18'),
(156, 10, 'อาจารย์เอื้อพร', 'จรัสเพิ่มสุข', 'อาจารย์เอื้อพร จรัสเพิ่มสุข', 'TRUE', '', './assets/lecturer/images/1676812241_a7e57b833cd408cc3265.jpg', '2023-05-17 11:13:18'),
(157, 19, 'อาจารย์แก้วตา', 'เจือนาค', 'อาจารย์แก้วตา เจือนาค', 'TRUE', '', './assets/lecturer/images/1676812284_5fa3e35adfa0d0be1369.jpg', '2023-05-17 11:13:18'),
(158, 6, 'อาจารย์แก้วใจ', 'อาภรณ์พิศาล', 'อาจารย์แก้วใจ อาภรณ์พิศาล', 'TRUE', '', './assets/lecturer/images/1676812318_74b408d3f1f5a7ae70f0.jpg', '2023-05-17 11:13:18'),
(159, 7, 'อาจารย์โกวิทย์', 'ชนะเคน', 'อาจารย์โกวิทย์ ชนะเคน', 'TRUE', '', './assets/lecturer/images/1676812342_6e7ab0da5e8bbf67d93e.jpg', '2023-05-17 11:13:18'),
(160, 11, 'อาจารย์ไอยเรศ', 'บุญเกิด', 'อาจารย์ไอยเรศ บุญเกิด', 'TRUE', '', './assets/lecturer/images/1676812358_3235a067c4dc68c67bf7.jpg', '2023-05-17 11:13:18'),
(161, 17, 'พงศกร', 'พรสิริญาดา', 'พงศกร พรสิริญาดา', 'FALSE', 'https://www.gwadvance.co.th/', './assets/lecturer/images/1699058192_046f856fb59e8a6da04c.jpg', '2023-11-04 07:36:32'),
(162, 17, 'ศุภชัย', 'นนทสิน', 'ศุภชัย นนทสิน', 'FALSE', 'http://www.rollrobotics.com/', './assets/lecturer/images/1699058443_90e7ba79a38f2b1651c6.jpg', '2023-11-04 07:40:43'),
(163, 18, 'อังกูร', '-', 'อังกูร -', 'FALSE', 'https://www.pandrol.com/', './assets/lecturer/images/1699771937_3a3488b46fa0f756588b.png', '2023-11-12 13:52:17'),
(164, 14, 'พฤทธิ์ ', 'พุฒจร', 'พฤทธิ์  พุฒจร', 'FALSE', 'https://www.facebook.com/spidystudio', './assets/lecturer/images/1708580560_616ac0f6e6ad84955b8e.jpg', '2024-02-22 12:42:40'),
(165, 21, 'ศาสตราจารย์ ดร.ปณิตา', 'วรรณพิรุณ', 'ศาสตราจารย์ ดร.ปณิตา วรรณพิรุณ', 'FALSE', 'https://dict.fte.kmutnb.ac.th/?p=899', './assets/lecturer/images/1737884189_1567fc838364b6d0fa5c.jpg', '2025-01-26 16:36:29');

-- --------------------------------------------------------

--
-- Table structure for table `payment`
--

CREATE TABLE `payment` (
  `payment_id` int(11) NOT NULL,
  `status` varchar(10) NOT NULL,
  `enroll_id` int(11) NOT NULL,
  `user_id` int(11) NOT NULL,
  `slip_date` date NOT NULL,
  `slip_time` time NOT NULL,
  `slip_amount` float NOT NULL,
  `slip_image` varchar(100) NOT NULL,
  `inspector` int(11) NOT NULL,
  `created` datetime NOT NULL,
  `modified` datetime NOT NULL DEFAULT current_timestamp()
) ENGINE=InnoDB DEFAULT CHARSET=utf8mb4 COLLATE=utf8mb4_general_ci;

-- --------------------------------------------------------

--
-- Table structure for table `province`
--

CREATE TABLE `province` (
  `province_id` int(5) NOT NULL,
  `name` varchar(150) CHARACTER SET utf8 COLLATE utf8_unicode_ci NOT NULL
) ENGINE=InnoDB DEFAULT CHARSET=utf8mb4 COLLATE=utf8mb4_general_ci;

--
-- Dumping data for table `province`
--

INSERT INTO `province` (`province_id`, `name`) VALUES
(1, 'กรุงเทพมหานคร'),
(2, 'สมุทรปราการ'),
(3, 'นนทบุรี'),
(4, 'ปทุมธานี'),
(5, 'พระนครศรีอยุธยา'),
(6, 'อ่างทอง'),
(7, 'ลพบุรี'),
(8, 'สิงห์บุรี'),
(9, 'ชัยนาท'),
(10, 'สระบุรี'),
(11, 'ชลบุรี'),
(12, 'ระยอง'),
(13, 'จันทบุรี'),
(14, 'ตราด'),
(15, 'ฉะเชิงเทรา'),
(16, 'ปราจีนบุรี'),
(17, 'นครนายก'),
(18, 'สระแก้ว'),
(19, 'นครราชสีมา'),
(20, 'บุรีรัมย์'),
(21, 'สุรินทร์'),
(22, 'ศรีสะเกษ'),
(23, 'อุบลราชธานี'),
(24, 'ยโสธร'),
(25, 'ชัยภูมิ'),
(26, 'อำนาจเจริญ'),
(27, 'หนองบัวลำภู'),
(28, 'ขอนแก่น'),
(29, 'อุดรธานี'),
(30, 'เลย'),
(31, 'หนองคาย'),
(32, 'มหาสารคาม'),
(33, 'ร้อยเอ็ด'),
(34, 'กาฬสินธุ์'),
(35, 'สกลนคร'),
(36, 'นครพนม'),
(37, 'มุกดาหาร'),
(38, 'เชียงใหม่'),
(39, 'ลำพูน'),
(40, 'ลำปาง'),
(41, 'อุตรดิตถ์'),
(42, 'แพร่'),
(43, 'น่าน'),
(44, 'พะเยา'),
(45, 'เชียงราย'),
(46, 'แม่ฮ่องสอน'),
(47, 'นครสวรรค์'),
(48, 'อุทัยธานี'),
(49, 'กำแพงเพชร'),
(50, 'ตาก'),
(51, 'สุโขทัย'),
(52, 'พิษณุโลก'),
(53, 'พิจิตร'),
(54, 'เพชรบูรณ์'),
(55, 'ราชบุรี'),
(56, 'กาญจนบุรี'),
(57, 'สุพรรณบุรี'),
(58, 'นครปฐม'),
(59, 'สมุทรสาคร'),
(60, 'สมุทรสงคราม'),
(61, 'เพชรบุรี'),
(62, 'ประจวบคีรีขันธ์'),
(63, 'นครศรีธรรมราช'),
(64, 'กระบี่'),
(65, 'พังงา'),
(66, 'ภูเก็ต'),
(67, 'สุราษฎร์ธานี'),
(68, 'ระนอง'),
(69, 'ชุมพร'),
(70, 'สงขลา'),
(71, 'สตูล'),
(72, 'ตรัง'),
(73, 'พัทลุง'),
(74, 'ปัตตานี'),
(75, 'ยะลา'),
(76, 'นราธิวาส'),
(77, 'บึงกาฬ');

-- --------------------------------------------------------

--
-- Table structure for table `reset_pwd`
--

CREATE TABLE `reset_pwd` (
  `reset_pwd_id` int(11) NOT NULL,
  `user_id` int(11) NOT NULL,
  `token` varchar(64) NOT NULL,
  `status` varchar(10) NOT NULL,
  `expiration_date` datetime NOT NULL,
  `created` datetime NOT NULL,
  `modified` datetime NOT NULL DEFAULT current_timestamp()
) ENGINE=InnoDB DEFAULT CHARSET=utf8mb4 COLLATE=utf8mb4_general_ci;

--
-- Dumping data for table `reset_pwd`
--

INSERT INTO `reset_pwd` (`reset_pwd_id`, `user_id`, `token`, `status`, `expiration_date`, `created`, `modified`) VALUES
(1, 4, 'fb0a00a395fb5e09544c1751a00590dcc6628b2d9efcf2a21cf25de68d509e6e', 'PENDING', '2024-01-31 04:53:54', '2024-01-31 04:23:54', '2024-01-31 11:23:54'),
(2, 4, 'c6896c08a6bd6bf1fbbf3ecbf502ed26de78c0d3a9189b2ad8d92a7d9bbc61ac', 'PENDING', '2024-01-31 08:03:57', '2024-01-31 07:33:57', '2024-01-31 14:33:57'),
(3, 15, '9294851e5867e73c6219c4e3e99569890465664c424838d5c5913c740781a946', 'SUCCESS', '2024-02-08 07:30:13', '2024-02-08 07:00:13', '2024-02-08 14:00:13'),
(4, 4, '1640e0875d621249f25cfc3e78526ef241414e7d9ba1a23dae4635f094862615', 'PENDING', '2024-02-08 07:31:31', '2024-02-08 07:01:31', '2024-02-08 14:01:31'),
(5, 4, '7bc54a7917a219d0e424be0126f3fb12cfe6843fe4d0d1afca9af21c8af9ec7f', 'SUCCESS', '2024-02-12 03:29:46', '2024-02-12 02:59:46', '2024-02-12 09:59:46'),
(6, 4, 'ff75035ae62a97bccbd1a3abbcae9b7859b04eecaa1e6ee8444337d401fb0d1b', 'PENDING', '2024-02-12 03:29:50', '2024-02-12 02:59:50', '2024-02-12 09:59:50'),
(7, 4, '1fa8222360fa62581aa7b97f3f726cff60185b61686a7084ba4cf36d1080488f', 'PENDING', '2024-02-12 03:29:53', '2024-02-12 02:59:53', '2024-02-12 09:59:53'),
(8, 4, '3871915c2faae3cce05f11e23b86209602341b7dcbe6700b3d27b6ccb9c8845f', 'PENDING', '2024-03-11 04:46:43', '2024-03-11 04:16:43', '2024-03-11 11:16:43'),
(9, 4, 'db1ce1e7575f92ea40ebca5af242f9ca7baa1a7374f2b982562399959b6fc2ee', 'PENDING', '2024-06-19 03:52:31', '2024-06-19 03:22:31', '2024-06-19 10:22:31'),
(10, 4, 'b43d173fb98f9ae7bea21bb983713cfd39fa1c007f41fbbdada184edeef3fae8', 'PENDING', '2024-08-07 03:36:43', '2024-08-07 03:06:43', '2024-08-07 10:06:43'),
(11, 4, 'c94bc7e40fe0221bfd3cd41f5b76c57f6315ec9b677692c0749f721918f083ce', 'SUCCESS', '2025-01-26 09:52:55', '2025-01-26 09:22:55', '2025-01-26 16:22:55'),
(12, 4, '05c5be8fc54907ec0a96904344618500c61a829786057760255755cb67fb4113', 'PENDING', '2025-03-27 07:32:18', '2025-03-27 07:02:18', '2025-03-27 14:02:18');

-- --------------------------------------------------------

--
-- Table structure for table `users`
--

CREATE TABLE `users` (
  `user_id` int(11) NOT NULL,
  `user_level` varchar(15) NOT NULL,
  `login_pwd` varchar(100) NOT NULL,
  `authorized` varchar(10) NOT NULL,
  `name_title_tha` varchar(10) NOT NULL,
  `firstname_tha` varchar(100) NOT NULL,
  `lastname_tha` varchar(100) NOT NULL,
  `fullname_tha` varchar(201) NOT NULL,
  `name_title_eng` varchar(10) NOT NULL,
  `firstname_eng` varchar(100) NOT NULL,
  `lastname_eng` varchar(100) NOT NULL,
  `fullname_eng` varchar(201) NOT NULL,
  `id_card` varchar(13) NOT NULL,
  `birth` date NOT NULL,
  `email` varchar(100) NOT NULL,
  `mobile` varchar(10) NOT NULL,
  `address` varchar(200) NOT NULL,
  `sub_district` varchar(100) NOT NULL,
  `district` varchar(100) NOT NULL,
  `province` varchar(100) NOT NULL,
  `postal_code` varchar(5) NOT NULL,
  `register` datetime NOT NULL,
  `modified` datetime NOT NULL DEFAULT current_timestamp()
) ENGINE=InnoDB DEFAULT CHARSET=utf8mb4 COLLATE=utf8mb4_general_ci;

--
-- Dumping data for table `users`
--

INSERT INTO `users` (`user_id`, `user_level`, `login_pwd`, `authorized`, `name_title_tha`, `firstname_tha`, `lastname_tha`, `fullname_tha`, `name_title_eng`, `firstname_eng`, `lastname_eng`, `fullname_eng`, `id_card`, `birth`, `email`, `mobile`, `address`, `sub_district`, `district`, `province`, `postal_code`, `register`, `modified`) VALUES
(1, 'ADMINISTRATOR', '$2y$12$jvNBMu4alxCi1.AD1gSo5.Vcg1LlLTNPmYAYsML/gHVMfFAYBgK3.', 'TRUE', 'นาย', 'ผู้ทดสอบ', 'หลักสูตรระยะสั้น', 'ผู้ทดสอบ หลักสูตรระยะสั้น', 'Mr.', 'Tester', 'ShortCourse', 'Tester ShortCourse', '1111111111111', '1990-09-28', 'tester@tester.com', '0987654321', 'aaaaaaaaaaaa', 'aaaaaaaaaaaa', 'aaaaaaaaaaaa', 'กรุงเทพมหานคร', '12345', '0000-00-00 00:00:00', '2023-02-10 19:02:23'),
(4, 'OFFICER', '$2y$12$50Jtil0ZXqqWsjt9wHouEOvAZ1plefq3ldKxUjaj7X4J0cC8pG2ES', 'TRUE', 'นาย', 'นฤพล', 'สุวรรณวิจิตร', 'นฤพล สุวรรณวิจิตร', 'Mr.', 'Naruapon', 'Suwanwijit', 'Naruapon Suwanwijit', '3719900159681', '1980-12-17', 'naruapon@webmail.npru.ac.th', '0864126462', '205/1', 'ท่ามะขาม', 'เมือง', 'กาญจนบุรี', '71000', '2023-11-04 00:26:11', '2023-11-04 07:26:11'),
(5, 'USER', '$2y$12$3lzd8CbBkF/FYmL8LZQ/8e.bthxT81IY70bZnE.BxIe5elQAHAwi2', 'TRUE', 'นาย', 'พันธกานต์', 'กรุดมณี', 'พันธกานต์ กรุดมณี', 'Mr.', 'Pantakarn', 'Grudmanee', 'Pantakarn Grudmanee', '1720401199446', '2001-10-03', '634259022@webmail.npru.ac.th', '0962838921', '103/12 หมู่4', 'ลำพยา', 'เมือง', 'นครปฐม', '73000', '2023-11-10 04:44:57', '2023-11-10 11:44:57'),
(6, 'USER', '$2y$12$VKrW2J/hg5c9Mf0dCnQ5y.CGpDSOIdZidmHR1hIF2RI1oo8/NGwGG', 'TRUE', 'นาย', 'อรรถพล', 'สงพูน', 'อรรถพล สงพูน', 'Mr.', 'Atthaphon', 'Songpoon', 'Atthaphon Songpoon', '1189900323154', '2001-05-16', '634259017@webmail.npru.ac.th', '0980832497', '35/8 ม.1', 'บ้านปรก', 'เมือง', 'สมุทรสงคราม', '75000', '2023-11-10 04:47:33', '2023-11-10 11:47:33'),
(7, 'USER', '$2y$12$y9gSOfN54WCWTyBFO//pT.gSmzexZh0PJEUGaSSoqJQw3425QWJKq', 'TRUE', 'นาย', 'ณรงค์ฤทธิ์', 'สุปรานนท์', 'ณรงค์ฤทธิ์ สุปรานนท์', 'Mr.', 'Narongrit', 'Supranon', 'Narongrit Supranon', '1729800262972', '2001-12-12', '634259004@webmail.npru.ac.th', '0989751545', '88/225', 'บางแขม', 'เมือง', 'นครปฐม', '73000', '2023-11-10 04:48:02', '2023-11-10 11:48:02'),
(8, 'USER', '$2y$12$IN1majuD3/5PWAJG7.UDMu0hb8EXMwYxQK/IzYn2Smgdll1riWne6', 'TRUE', 'นาย', 'นันทชัย ', 'แสงอรุณ', 'นันทชัย  แสงอรุณ', 'Mr.', '์Nantachai', 'sangarun', '์Nantachai sangarun', '1749800297083', '2002-01-23', 'jayza55255@gmail.com', '0808165582', '95', 'ห้วยม่วง', 'กำแพงแสน', 'นครปฐม', '73180', '2023-11-10 04:48:45', '2023-11-10 11:48:45'),
(9, 'USER', '$2y$12$Rxy62zZPWDPUB3ZM9eaCW.Qv4Eh9HLUhsRS7TKdUrb14CI7V/2JgS', 'TRUE', 'นาย', 'วัชรากร', 'สมถวิล', 'วัชรากร สมถวิล', 'Mr.', 'Wadcharakorn', 'Somthawin', 'Wadcharakorn Somthawin', '1700401342745', '2002-03-03', '634259015@webmail.npru.ac.th', '0967305591', '92 หมู่ 6 ', 'ดอนกรวย', 'ดำเนินสะดวก', 'ราชบุรี', '70130', '2023-11-10 04:49:02', '2023-11-10 11:49:02');

--
-- Indexes for dumped tables
--

--
-- Indexes for table `branch`
--
ALTER TABLE `branch`
  ADD PRIMARY KEY (`branch_id`);

--
-- Indexes for table `courses`
--
ALTER TABLE `courses`
  ADD PRIMARY KEY (`course_id`);

--
-- Indexes for table `course_batch`
--
ALTER TABLE `course_batch`
  ADD PRIMARY KEY (`course_batch_id`);

--
-- Indexes for table `course_categories`
--
ALTER TABLE `course_categories`
  ADD PRIMARY KEY (`course_category_id`);

--
-- Indexes for table `course_lecturer`
--
ALTER TABLE `course_lecturer`
  ADD PRIMARY KEY (`course_id`,`lecturer_id`);

--
-- Indexes for table `enroll`
--
ALTER TABLE `enroll`
  ADD PRIMARY KEY (`enroll_id`);

--
-- Indexes for table `faculty`
--
ALTER TABLE `faculty`
  ADD PRIMARY KEY (`faculty_id`);

--
-- Indexes for table `lecturer`
--
ALTER TABLE `lecturer`
  ADD PRIMARY KEY (`lecturer_id`);

--
-- Indexes for table `payment`
--
ALTER TABLE `payment`
  ADD PRIMARY KEY (`payment_id`);

--
-- Indexes for table `province`
--
ALTER TABLE `province`
  ADD PRIMARY KEY (`province_id`);

--
-- Indexes for table `reset_pwd`
--
ALTER TABLE `reset_pwd`
  ADD PRIMARY KEY (`reset_pwd_id`);

--
-- Indexes for table `users`
--
ALTER TABLE `users`
  ADD PRIMARY KEY (`user_id`);

--
-- AUTO_INCREMENT for dumped tables
--

--
-- AUTO_INCREMENT for table `branch`
--
ALTER TABLE `branch`
  MODIFY `branch_id` int(11) NOT NULL AUTO_INCREMENT, AUTO_INCREMENT=29;

--
-- AUTO_INCREMENT for table `courses`
--
ALTER TABLE `courses`
  MODIFY `course_id` int(11) NOT NULL AUTO_INCREMENT, AUTO_INCREMENT=32;

--
-- AUTO_INCREMENT for table `course_batch`
--
ALTER TABLE `course_batch`
  MODIFY `course_batch_id` int(11) NOT NULL AUTO_INCREMENT, AUTO_INCREMENT=36;

--
-- AUTO_INCREMENT for table `course_categories`
--
ALTER TABLE `course_categories`
  MODIFY `course_category_id` int(11) NOT NULL AUTO_INCREMENT, AUTO_INCREMENT=9;

--
-- AUTO_INCREMENT for table `enroll`
--
ALTER TABLE `enroll`
  MODIFY `enroll_id` int(11) NOT NULL AUTO_INCREMENT, AUTO_INCREMENT=30;

--
-- AUTO_INCREMENT for table `faculty`
--
ALTER TABLE `faculty`
  MODIFY `faculty_id` int(11) NOT NULL AUTO_INCREMENT, AUTO_INCREMENT=6;

--
-- AUTO_INCREMENT for table `lecturer`
--
ALTER TABLE `lecturer`
  MODIFY `lecturer_id` int(11) NOT NULL AUTO_INCREMENT, AUTO_INCREMENT=166;

--
-- AUTO_INCREMENT for table `payment`
--
ALTER TABLE `payment`
  MODIFY `payment_id` int(11) NOT NULL AUTO_INCREMENT, AUTO_INCREMENT=3;

--
-- AUTO_INCREMENT for table `province`
--
ALTER TABLE `province`
  MODIFY `province_id` int(5) NOT NULL AUTO_INCREMENT, AUTO_INCREMENT=78;

--
-- AUTO_INCREMENT for table `reset_pwd`
--
ALTER TABLE `reset_pwd`
  MODIFY `reset_pwd_id` int(11) NOT NULL AUTO_INCREMENT, AUTO_INCREMENT=13;

--
-- AUTO_INCREMENT for table `users`
--
ALTER TABLE `users`
  MODIFY `user_id` int(11) NOT NULL AUTO_INCREMENT, AUTO_INCREMENT=109;
COMMIT;

/*!40101 SET CHARACTER_SET_CLIENT=@OLD_CHARACTER_SET_CLIENT */;
/*!40101 SET CHARACTER_SET_RESULTS=@OLD_CHARACTER_SET_RESULTS */;
/*!40101 SET COLLATION_CONNECTION=@OLD_COLLATION_CONNECTION */;
